<?xml version="1.0" encoding="UTF-8"?>
<kml xmlns="http://www.opengis.net/kml/2.2">
  <Document>
    <name>Mints of Ilkhans by region</name>
    <description>Map showing the mint locations of Ilkhans (Mongols of Persia). Some locations are not exact but rather given approximately. Copyright @Yigit Altay (altaycoins.com)</description>
    <Style id="icon-1661-BDBDBD-normal">
      <IconStyle>
        <color>ffbdbdbd</color>
        <scale>1</scale>
        <Icon>
          <href>https://www.gstatic.com/mapspro/images/stock/503-wht-blank_maps.png</href>
        </Icon>
      </IconStyle>
      <LabelStyle>
        <scale>0</scale>
      </LabelStyle>
    </Style>
    <Style id="icon-1661-BDBDBD-highlight">
      <IconStyle>
        <color>ffbdbdbd</color>
        <scale>1</scale>
        <Icon>
          <href>https://www.gstatic.com/mapspro/images/stock/503-wht-blank_maps.png</href>
        </Icon>
      </IconStyle>
      <LabelStyle>
        <scale>1</scale>
      </LabelStyle>
    </Style>
    <StyleMap id="icon-1661-BDBDBD">
      <Pair>
        <key>normal</key>
        <styleUrl>#icon-1661-BDBDBD-normal</styleUrl>
      </Pair>
      <Pair>
        <key>highlight</key>
        <styleUrl>#icon-1661-BDBDBD-highlight</styleUrl>
      </Pair>
    </StyleMap>
    <Style id="icon-1899-006064-normal">
      <IconStyle>
        <color>ff646000</color>
        <scale>1</scale>
        <Icon>
          <href>https://www.gstatic.com/mapspro/images/stock/503-wht-blank_maps.png</href>
        </Icon>
        <hotSpot x="32" xunits="pixels" y="64" yunits="insetPixels"/>
      </IconStyle>
      <LabelStyle>
        <scale>0</scale>
      </LabelStyle>
    </Style>
    <Style id="icon-1899-006064-highlight">
      <IconStyle>
        <color>ff646000</color>
        <scale>1</scale>
        <Icon>
          <href>https://www.gstatic.com/mapspro/images/stock/503-wht-blank_maps.png</href>
        </Icon>
        <hotSpot x="32" xunits="pixels" y="64" yunits="insetPixels"/>
      </IconStyle>
      <LabelStyle>
        <scale>1</scale>
      </LabelStyle>
    </Style>
    <StyleMap id="icon-1899-006064">
      <Pair>
        <key>normal</key>
        <styleUrl>#icon-1899-006064-normal</styleUrl>
      </Pair>
      <Pair>
        <key>highlight</key>
        <styleUrl>#icon-1899-006064-highlight</styleUrl>
      </Pair>
    </StyleMap>
    <Style id="icon-1899-0097A7-normal">
      <IconStyle>
        <color>ffa79700</color>
        <scale>1</scale>
        <Icon>
          <href>https://www.gstatic.com/mapspro/images/stock/503-wht-blank_maps.png</href>
        </Icon>
        <hotSpot x="32" xunits="pixels" y="64" yunits="insetPixels"/>
      </IconStyle>
      <LabelStyle>
        <scale>0</scale>
      </LabelStyle>
    </Style>
    <Style id="icon-1899-0097A7-highlight">
      <IconStyle>
        <color>ffa79700</color>
        <scale>1</scale>
        <Icon>
          <href>https://www.gstatic.com/mapspro/images/stock/503-wht-blank_maps.png</href>
        </Icon>
        <hotSpot x="32" xunits="pixels" y="64" yunits="insetPixels"/>
      </IconStyle>
      <LabelStyle>
        <scale>1</scale>
      </LabelStyle>
    </Style>
    <StyleMap id="icon-1899-0097A7">
      <Pair>
        <key>normal</key>
        <styleUrl>#icon-1899-0097A7-normal</styleUrl>
      </Pair>
      <Pair>
        <key>highlight</key>
        <styleUrl>#icon-1899-0097A7-highlight</styleUrl>
      </Pair>
    </StyleMap>
    <Style id="icon-1899-0288D1-normal">
      <IconStyle>
        <color>ffd18802</color>
        <scale>1</scale>
        <Icon>
          <href>https://www.gstatic.com/mapspro/images/stock/503-wht-blank_maps.png</href>
        </Icon>
        <hotSpot x="32" xunits="pixels" y="64" yunits="insetPixels"/>
      </IconStyle>
      <LabelStyle>
        <scale>0</scale>
      </LabelStyle>
    </Style>
    <Style id="icon-1899-0288D1-highlight">
      <IconStyle>
        <color>ffd18802</color>
        <scale>1</scale>
        <Icon>
          <href>https://www.gstatic.com/mapspro/images/stock/503-wht-blank_maps.png</href>
        </Icon>
        <hotSpot x="32" xunits="pixels" y="64" yunits="insetPixels"/>
      </IconStyle>
      <LabelStyle>
        <scale>1</scale>
      </LabelStyle>
    </Style>
    <StyleMap id="icon-1899-0288D1">
      <Pair>
        <key>normal</key>
        <styleUrl>#icon-1899-0288D1-normal</styleUrl>
      </Pair>
      <Pair>
        <key>highlight</key>
        <styleUrl>#icon-1899-0288D1-highlight</styleUrl>
      </Pair>
    </StyleMap>
    <Style id="icon-1899-097138-normal">
      <IconStyle>
        <color>ff387109</color>
        <scale>1</scale>
        <Icon>
          <href>https://www.gstatic.com/mapspro/images/stock/503-wht-blank_maps.png</href>
        </Icon>
        <hotSpot x="32" xunits="pixels" y="64" yunits="insetPixels"/>
      </IconStyle>
      <LabelStyle>
        <scale>0</scale>
      </LabelStyle>
    </Style>
    <Style id="icon-1899-097138-highlight">
      <IconStyle>
        <color>ff387109</color>
        <scale>1</scale>
        <Icon>
          <href>https://www.gstatic.com/mapspro/images/stock/503-wht-blank_maps.png</href>
        </Icon>
        <hotSpot x="32" xunits="pixels" y="64" yunits="insetPixels"/>
      </IconStyle>
      <LabelStyle>
        <scale>1</scale>
      </LabelStyle>
    </Style>
    <StyleMap id="icon-1899-097138">
      <Pair>
        <key>normal</key>
        <styleUrl>#icon-1899-097138-normal</styleUrl>
      </Pair>
      <Pair>
        <key>highlight</key>
        <styleUrl>#icon-1899-097138-highlight</styleUrl>
      </Pair>
    </StyleMap>
    <Style id="icon-1899-0F9D58-normal">
      <IconStyle>
        <color>ff589d0f</color>
        <scale>1</scale>
        <Icon>
          <href>https://www.gstatic.com/mapspro/images/stock/503-wht-blank_maps.png</href>
        </Icon>
        <hotSpot x="32" xunits="pixels" y="64" yunits="insetPixels"/>
      </IconStyle>
      <LabelStyle>
        <scale>0</scale>
      </LabelStyle>
    </Style>
    <Style id="icon-1899-0F9D58-highlight">
      <IconStyle>
        <color>ff589d0f</color>
        <scale>1</scale>
        <Icon>
          <href>https://www.gstatic.com/mapspro/images/stock/503-wht-blank_maps.png</href>
        </Icon>
        <hotSpot x="32" xunits="pixels" y="64" yunits="insetPixels"/>
      </IconStyle>
      <LabelStyle>
        <scale>1</scale>
      </LabelStyle>
    </Style>
    <StyleMap id="icon-1899-0F9D58">
      <Pair>
        <key>normal</key>
        <styleUrl>#icon-1899-0F9D58-normal</styleUrl>
      </Pair>
      <Pair>
        <key>highlight</key>
        <styleUrl>#icon-1899-0F9D58-highlight</styleUrl>
      </Pair>
    </StyleMap>
    <Style id="icon-1899-1A237E-normal">
      <IconStyle>
        <color>ff7e231a</color>
        <scale>1</scale>
        <Icon>
          <href>https://www.gstatic.com/mapspro/images/stock/503-wht-blank_maps.png</href>
        </Icon>
        <hotSpot x="32" xunits="pixels" y="64" yunits="insetPixels"/>
      </IconStyle>
      <LabelStyle>
        <scale>0</scale>
      </LabelStyle>
    </Style>
    <Style id="icon-1899-1A237E-highlight">
      <IconStyle>
        <color>ff7e231a</color>
        <scale>1</scale>
        <Icon>
          <href>https://www.gstatic.com/mapspro/images/stock/503-wht-blank_maps.png</href>
        </Icon>
        <hotSpot x="32" xunits="pixels" y="64" yunits="insetPixels"/>
      </IconStyle>
      <LabelStyle>
        <scale>1</scale>
      </LabelStyle>
    </Style>
    <StyleMap id="icon-1899-1A237E">
      <Pair>
        <key>normal</key>
        <styleUrl>#icon-1899-1A237E-normal</styleUrl>
      </Pair>
      <Pair>
        <key>highlight</key>
        <styleUrl>#icon-1899-1A237E-highlight</styleUrl>
      </Pair>
    </StyleMap>
    <Style id="icon-1899-3949AB-normal">
      <IconStyle>
        <color>ffab4939</color>
        <scale>1</scale>
        <Icon>
          <href>https://www.gstatic.com/mapspro/images/stock/503-wht-blank_maps.png</href>
        </Icon>
        <hotSpot x="32" xunits="pixels" y="64" yunits="insetPixels"/>
      </IconStyle>
      <LabelStyle>
        <scale>0</scale>
      </LabelStyle>
    </Style>
    <Style id="icon-1899-3949AB-highlight">
      <IconStyle>
        <color>ffab4939</color>
        <scale>1</scale>
        <Icon>
          <href>https://www.gstatic.com/mapspro/images/stock/503-wht-blank_maps.png</href>
        </Icon>
        <hotSpot x="32" xunits="pixels" y="64" yunits="insetPixels"/>
      </IconStyle>
      <LabelStyle>
        <scale>1</scale>
      </LabelStyle>
    </Style>
    <StyleMap id="icon-1899-3949AB">
      <Pair>
        <key>normal</key>
        <styleUrl>#icon-1899-3949AB-normal</styleUrl>
      </Pair>
      <Pair>
        <key>highlight</key>
        <styleUrl>#icon-1899-3949AB-highlight</styleUrl>
      </Pair>
    </StyleMap>
    <Style id="icon-1899-673AB7-normal">
      <IconStyle>
        <color>ffb73a67</color>
        <scale>1</scale>
        <Icon>
          <href>https://www.gstatic.com/mapspro/images/stock/503-wht-blank_maps.png</href>
        </Icon>
        <hotSpot x="32" xunits="pixels" y="64" yunits="insetPixels"/>
      </IconStyle>
      <LabelStyle>
        <scale>0</scale>
      </LabelStyle>
    </Style>
    <Style id="icon-1899-673AB7-highlight">
      <IconStyle>
        <color>ffb73a67</color>
        <scale>1</scale>
        <Icon>
          <href>https://www.gstatic.com/mapspro/images/stock/503-wht-blank_maps.png</href>
        </Icon>
        <hotSpot x="32" xunits="pixels" y="64" yunits="insetPixels"/>
      </IconStyle>
      <LabelStyle>
        <scale>1</scale>
      </LabelStyle>
    </Style>
    <StyleMap id="icon-1899-673AB7">
      <Pair>
        <key>normal</key>
        <styleUrl>#icon-1899-673AB7-normal</styleUrl>
      </Pair>
      <Pair>
        <key>highlight</key>
        <styleUrl>#icon-1899-673AB7-highlight</styleUrl>
      </Pair>
    </StyleMap>
    <Style id="icon-1899-795548-normal">
      <IconStyle>
        <color>ff485579</color>
        <scale>1</scale>
        <Icon>
          <href>https://www.gstatic.com/mapspro/images/stock/503-wht-blank_maps.png</href>
        </Icon>
        <hotSpot x="32" xunits="pixels" y="64" yunits="insetPixels"/>
      </IconStyle>
      <LabelStyle>
        <scale>0</scale>
      </LabelStyle>
    </Style>
    <Style id="icon-1899-795548-highlight">
      <IconStyle>
        <color>ff485579</color>
        <scale>1</scale>
        <Icon>
          <href>https://www.gstatic.com/mapspro/images/stock/503-wht-blank_maps.png</href>
        </Icon>
        <hotSpot x="32" xunits="pixels" y="64" yunits="insetPixels"/>
      </IconStyle>
      <LabelStyle>
        <scale>1</scale>
      </LabelStyle>
    </Style>
    <StyleMap id="icon-1899-795548">
      <Pair>
        <key>normal</key>
        <styleUrl>#icon-1899-795548-normal</styleUrl>
      </Pair>
      <Pair>
        <key>highlight</key>
        <styleUrl>#icon-1899-795548-highlight</styleUrl>
      </Pair>
    </StyleMap>
    <Style id="icon-1899-7CB342-normal">
      <IconStyle>
        <color>ff42b37c</color>
        <scale>1</scale>
        <Icon>
          <href>https://www.gstatic.com/mapspro/images/stock/503-wht-blank_maps.png</href>
        </Icon>
        <hotSpot x="32" xunits="pixels" y="64" yunits="insetPixels"/>
      </IconStyle>
      <LabelStyle>
        <scale>0</scale>
      </LabelStyle>
    </Style>
    <Style id="icon-1899-7CB342-highlight">
      <IconStyle>
        <color>ff42b37c</color>
        <scale>1</scale>
        <Icon>
          <href>https://www.gstatic.com/mapspro/images/stock/503-wht-blank_maps.png</href>
        </Icon>
        <hotSpot x="32" xunits="pixels" y="64" yunits="insetPixels"/>
      </IconStyle>
      <LabelStyle>
        <scale>1</scale>
      </LabelStyle>
    </Style>
    <StyleMap id="icon-1899-7CB342">
      <Pair>
        <key>normal</key>
        <styleUrl>#icon-1899-7CB342-normal</styleUrl>
      </Pair>
      <Pair>
        <key>highlight</key>
        <styleUrl>#icon-1899-7CB342-highlight</styleUrl>
      </Pair>
    </StyleMap>
    <Style id="icon-1899-817717-normal">
      <IconStyle>
        <color>ff177781</color>
        <scale>1</scale>
        <Icon>
          <href>https://www.gstatic.com/mapspro/images/stock/503-wht-blank_maps.png</href>
        </Icon>
        <hotSpot x="32" xunits="pixels" y="64" yunits="insetPixels"/>
      </IconStyle>
      <LabelStyle>
        <scale>0</scale>
      </LabelStyle>
    </Style>
    <Style id="icon-1899-817717-highlight">
      <IconStyle>
        <color>ff177781</color>
        <scale>1</scale>
        <Icon>
          <href>https://www.gstatic.com/mapspro/images/stock/503-wht-blank_maps.png</href>
        </Icon>
        <hotSpot x="32" xunits="pixels" y="64" yunits="insetPixels"/>
      </IconStyle>
      <LabelStyle>
        <scale>1</scale>
      </LabelStyle>
    </Style>
    <StyleMap id="icon-1899-817717">
      <Pair>
        <key>normal</key>
        <styleUrl>#icon-1899-817717-normal</styleUrl>
      </Pair>
      <Pair>
        <key>highlight</key>
        <styleUrl>#icon-1899-817717-highlight</styleUrl>
      </Pair>
    </StyleMap>
    <Style id="icon-1899-880E4F-normal">
      <IconStyle>
        <color>ff4f0e88</color>
        <scale>1</scale>
        <Icon>
          <href>https://www.gstatic.com/mapspro/images/stock/503-wht-blank_maps.png</href>
        </Icon>
        <hotSpot x="32" xunits="pixels" y="64" yunits="insetPixels"/>
      </IconStyle>
      <LabelStyle>
        <scale>0</scale>
      </LabelStyle>
    </Style>
    <Style id="icon-1899-880E4F-highlight">
      <IconStyle>
        <color>ff4f0e88</color>
        <scale>1</scale>
        <Icon>
          <href>https://www.gstatic.com/mapspro/images/stock/503-wht-blank_maps.png</href>
        </Icon>
        <hotSpot x="32" xunits="pixels" y="64" yunits="insetPixels"/>
      </IconStyle>
      <LabelStyle>
        <scale>1</scale>
      </LabelStyle>
    </Style>
    <StyleMap id="icon-1899-880E4F">
      <Pair>
        <key>normal</key>
        <styleUrl>#icon-1899-880E4F-normal</styleUrl>
      </Pair>
      <Pair>
        <key>highlight</key>
        <styleUrl>#icon-1899-880E4F-highlight</styleUrl>
      </Pair>
    </StyleMap>
    <Style id="icon-1899-9C27B0-normal">
      <IconStyle>
        <color>ffb0279c</color>
        <scale>1</scale>
        <Icon>
          <href>https://www.gstatic.com/mapspro/images/stock/503-wht-blank_maps.png</href>
        </Icon>
        <hotSpot x="32" xunits="pixels" y="64" yunits="insetPixels"/>
      </IconStyle>
      <LabelStyle>
        <scale>0</scale>
      </LabelStyle>
    </Style>
    <Style id="icon-1899-9C27B0-highlight">
      <IconStyle>
        <color>ffb0279c</color>
        <scale>1</scale>
        <Icon>
          <href>https://www.gstatic.com/mapspro/images/stock/503-wht-blank_maps.png</href>
        </Icon>
        <hotSpot x="32" xunits="pixels" y="64" yunits="insetPixels"/>
      </IconStyle>
      <LabelStyle>
        <scale>1</scale>
      </LabelStyle>
    </Style>
    <StyleMap id="icon-1899-9C27B0">
      <Pair>
        <key>normal</key>
        <styleUrl>#icon-1899-9C27B0-normal</styleUrl>
      </Pair>
      <Pair>
        <key>highlight</key>
        <styleUrl>#icon-1899-9C27B0-highlight</styleUrl>
      </Pair>
    </StyleMap>
    <Style id="icon-1899-A52714-normal">
      <IconStyle>
        <color>ff1427a5</color>
        <scale>1</scale>
        <Icon>
          <href>https://www.gstatic.com/mapspro/images/stock/503-wht-blank_maps.png</href>
        </Icon>
        <hotSpot x="32" xunits="pixels" y="64" yunits="insetPixels"/>
      </IconStyle>
      <LabelStyle>
        <scale>0</scale>
      </LabelStyle>
    </Style>
    <Style id="icon-1899-A52714-highlight">
      <IconStyle>
        <color>ff1427a5</color>
        <scale>1</scale>
        <Icon>
          <href>https://www.gstatic.com/mapspro/images/stock/503-wht-blank_maps.png</href>
        </Icon>
        <hotSpot x="32" xunits="pixels" y="64" yunits="insetPixels"/>
      </IconStyle>
      <LabelStyle>
        <scale>1</scale>
      </LabelStyle>
    </Style>
    <StyleMap id="icon-1899-A52714">
      <Pair>
        <key>normal</key>
        <styleUrl>#icon-1899-A52714-normal</styleUrl>
      </Pair>
      <Pair>
        <key>highlight</key>
        <styleUrl>#icon-1899-A52714-highlight</styleUrl>
      </Pair>
    </StyleMap>
    <Style id="icon-1899-AFB42B-normal">
      <IconStyle>
        <color>ff2bb4af</color>
        <scale>1</scale>
        <Icon>
          <href>https://www.gstatic.com/mapspro/images/stock/503-wht-blank_maps.png</href>
        </Icon>
        <hotSpot x="32" xunits="pixels" y="64" yunits="insetPixels"/>
      </IconStyle>
      <LabelStyle>
        <scale>0</scale>
      </LabelStyle>
    </Style>
    <Style id="icon-1899-AFB42B-highlight">
      <IconStyle>
        <color>ff2bb4af</color>
        <scale>1</scale>
        <Icon>
          <href>https://www.gstatic.com/mapspro/images/stock/503-wht-blank_maps.png</href>
        </Icon>
        <hotSpot x="32" xunits="pixels" y="64" yunits="insetPixels"/>
      </IconStyle>
      <LabelStyle>
        <scale>1</scale>
      </LabelStyle>
    </Style>
    <StyleMap id="icon-1899-AFB42B">
      <Pair>
        <key>normal</key>
        <styleUrl>#icon-1899-AFB42B-normal</styleUrl>
      </Pair>
      <Pair>
        <key>highlight</key>
        <styleUrl>#icon-1899-AFB42B-highlight</styleUrl>
      </Pair>
    </StyleMap>
    <Style id="icon-1899-C2185B-normal">
      <IconStyle>
        <color>ff5b18c2</color>
        <scale>1</scale>
        <Icon>
          <href>https://www.gstatic.com/mapspro/images/stock/503-wht-blank_maps.png</href>
        </Icon>
        <hotSpot x="32" xunits="pixels" y="64" yunits="insetPixels"/>
      </IconStyle>
      <LabelStyle>
        <scale>0</scale>
      </LabelStyle>
    </Style>
    <Style id="icon-1899-C2185B-highlight">
      <IconStyle>
        <color>ff5b18c2</color>
        <scale>1</scale>
        <Icon>
          <href>https://www.gstatic.com/mapspro/images/stock/503-wht-blank_maps.png</href>
        </Icon>
        <hotSpot x="32" xunits="pixels" y="64" yunits="insetPixels"/>
      </IconStyle>
      <LabelStyle>
        <scale>1</scale>
      </LabelStyle>
    </Style>
    <StyleMap id="icon-1899-C2185B">
      <Pair>
        <key>normal</key>
        <styleUrl>#icon-1899-C2185B-normal</styleUrl>
      </Pair>
      <Pair>
        <key>highlight</key>
        <styleUrl>#icon-1899-C2185B-highlight</styleUrl>
      </Pair>
    </StyleMap>
    <Style id="icon-1899-E65100-normal">
      <IconStyle>
        <color>ff0051e6</color>
        <scale>1</scale>
        <Icon>
          <href>https://www.gstatic.com/mapspro/images/stock/503-wht-blank_maps.png</href>
        </Icon>
        <hotSpot x="32" xunits="pixels" y="64" yunits="insetPixels"/>
      </IconStyle>
      <LabelStyle>
        <scale>0</scale>
      </LabelStyle>
    </Style>
    <Style id="icon-1899-E65100-highlight">
      <IconStyle>
        <color>ff0051e6</color>
        <scale>1</scale>
        <Icon>
          <href>https://www.gstatic.com/mapspro/images/stock/503-wht-blank_maps.png</href>
        </Icon>
        <hotSpot x="32" xunits="pixels" y="64" yunits="insetPixels"/>
      </IconStyle>
      <LabelStyle>
        <scale>1</scale>
      </LabelStyle>
    </Style>
    <StyleMap id="icon-1899-E65100">
      <Pair>
        <key>normal</key>
        <styleUrl>#icon-1899-E65100-normal</styleUrl>
      </Pair>
      <Pair>
        <key>highlight</key>
        <styleUrl>#icon-1899-E65100-highlight</styleUrl>
      </Pair>
    </StyleMap>
    <Style id="icon-1899-FBC02D-normal">
      <IconStyle>
        <color>ff2dc0fb</color>
        <scale>1</scale>
        <Icon>
          <href>https://www.gstatic.com/mapspro/images/stock/503-wht-blank_maps.png</href>
        </Icon>
        <hotSpot x="32" xunits="pixels" y="64" yunits="insetPixels"/>
      </IconStyle>
      <LabelStyle>
        <scale>0</scale>
      </LabelStyle>
    </Style>
    <Style id="icon-1899-FBC02D-highlight">
      <IconStyle>
        <color>ff2dc0fb</color>
        <scale>1</scale>
        <Icon>
          <href>https://www.gstatic.com/mapspro/images/stock/503-wht-blank_maps.png</href>
        </Icon>
        <hotSpot x="32" xunits="pixels" y="64" yunits="insetPixels"/>
      </IconStyle>
      <LabelStyle>
        <scale>1</scale>
      </LabelStyle>
    </Style>
    <StyleMap id="icon-1899-FBC02D">
      <Pair>
        <key>normal</key>
        <styleUrl>#icon-1899-FBC02D-normal</styleUrl>
      </Pair>
      <Pair>
        <key>highlight</key>
        <styleUrl>#icon-1899-FBC02D-highlight</styleUrl>
      </Pair>
    </StyleMap>
    <Style id="icon-1899-FF5252-normal">
      <IconStyle>
        <color>ff5252ff</color>
        <scale>1</scale>
        <Icon>
          <href>https://www.gstatic.com/mapspro/images/stock/503-wht-blank_maps.png</href>
        </Icon>
        <hotSpot x="32" xunits="pixels" y="64" yunits="insetPixels"/>
      </IconStyle>
      <LabelStyle>
        <scale>0</scale>
      </LabelStyle>
    </Style>
    <Style id="icon-1899-FF5252-highlight">
      <IconStyle>
        <color>ff5252ff</color>
        <scale>1</scale>
        <Icon>
          <href>https://www.gstatic.com/mapspro/images/stock/503-wht-blank_maps.png</href>
        </Icon>
        <hotSpot x="32" xunits="pixels" y="64" yunits="insetPixels"/>
      </IconStyle>
      <LabelStyle>
        <scale>1</scale>
      </LabelStyle>
    </Style>
    <StyleMap id="icon-1899-FF5252">
      <Pair>
        <key>normal</key>
        <styleUrl>#icon-1899-FF5252-normal</styleUrl>
      </Pair>
      <Pair>
        <key>highlight</key>
        <styleUrl>#icon-1899-FF5252-highlight</styleUrl>
      </Pair>
    </StyleMap>
    <Style id="icon-1899-FFD600-normal">
      <IconStyle>
        <color>ff00d6ff</color>
        <scale>1</scale>
        <Icon>
          <href>https://www.gstatic.com/mapspro/images/stock/503-wht-blank_maps.png</href>
        </Icon>
        <hotSpot x="32" xunits="pixels" y="64" yunits="insetPixels"/>
      </IconStyle>
      <LabelStyle>
        <scale>0</scale>
      </LabelStyle>
    </Style>
    <Style id="icon-1899-FFD600-highlight">
      <IconStyle>
        <color>ff00d6ff</color>
        <scale>1</scale>
        <Icon>
          <href>https://www.gstatic.com/mapspro/images/stock/503-wht-blank_maps.png</href>
        </Icon>
        <hotSpot x="32" xunits="pixels" y="64" yunits="insetPixels"/>
      </IconStyle>
      <LabelStyle>
        <scale>1</scale>
      </LabelStyle>
    </Style>
    <StyleMap id="icon-1899-FFD600">
      <Pair>
        <key>normal</key>
        <styleUrl>#icon-1899-FFD600-normal</styleUrl>
      </Pair>
      <Pair>
        <key>highlight</key>
        <styleUrl>#icon-1899-FFD600-highlight</styleUrl>
      </Pair>
    </StyleMap>
    <Style id="poly-BDBDBD-1200-76-normal">
      <LineStyle>
        <color>ffbdbdbd</color>
        <width>1.2</width>
      </LineStyle>
      <PolyStyle>
        <color>4cbdbdbd</color>
        <fill>1</fill>
        <outline>1</outline>
      </PolyStyle>
    </Style>
    <Style id="poly-BDBDBD-1200-76-highlight">
      <LineStyle>
        <color>ffbdbdbd</color>
        <width>1.8</width>
      </LineStyle>
      <PolyStyle>
        <color>4cbdbdbd</color>
        <fill>1</fill>
        <outline>1</outline>
      </PolyStyle>
    </Style>
    <StyleMap id="poly-BDBDBD-1200-76">
      <Pair>
        <key>normal</key>
        <styleUrl>#poly-BDBDBD-1200-76-normal</styleUrl>
      </Pair>
      <Pair>
        <key>highlight</key>
        <styleUrl>#poly-BDBDBD-1200-76-highlight</styleUrl>
      </Pair>
    </StyleMap>
    <Folder>
      <name>googlemaps.csv</name>
      <Placemark>
        <name>Ābārān</name>
        <description><![CDATA[arabic: آباران<br>region: Arminiyah<br>modern_country: Armenia<br>turkish: Abaran<br>longtitude: 40.591763<br>latitude: 44.358072]]></description>
        <styleUrl>#icon-1899-9C27B0</styleUrl>
        <ExtendedData>
          <Data name="arabic">
            <value>آباران</value>
          </Data>
          <Data name="region">
            <value>Arminiyah</value>
          </Data>
          <Data name="modern_country">
            <value>Armenia</value>
          </Data>
          <Data name="turkish">
            <value>Abaran</value>
          </Data>
          <Data name="longtitude">
            <value>40.591763</value>
          </Data>
          <Data name="latitude">
            <value>44.358072</value>
          </Data>
        </ExtendedData>
        <Point>
          <coordinates>
            44.358072,40.591763,0
          </coordinates>
        </Point>
      </Placemark>
      <Placemark>
        <name>Abārqūh</name>
        <description><![CDATA[arabic: آابرقوہ<br>region: Fars<br>modern_country: Iran<br>turkish: Eberkuh<br>longtitude: 31.132481<br>latitude: 53.28031]]></description>
        <styleUrl>#icon-1899-FF5252</styleUrl>
        <ExtendedData>
          <Data name="arabic">
            <value>آابرقوہ</value>
          </Data>
          <Data name="region">
            <value>Fars</value>
          </Data>
          <Data name="modern_country">
            <value>Iran</value>
          </Data>
          <Data name="turkish">
            <value>Eberkuh</value>
          </Data>
          <Data name="longtitude">
            <value>31.132481</value>
          </Data>
          <Data name="latitude">
            <value>53.28031</value>
          </Data>
        </ExtendedData>
        <Point>
          <coordinates>
            53.28031,31.132481,0
          </coordinates>
        </Point>
      </Placemark>
      <Placemark>
        <name>Abīward / Bāward</name>
        <description><![CDATA[arabic: ابيورد / باورد<br>region: Khurasan<br>modern_country: Iran<br>turkish: Abivard<br>longtitude: 37.44548<br>latitude: 59.109916]]></description>
        <styleUrl>#icon-1899-0F9D58</styleUrl>
        <ExtendedData>
          <Data name="arabic">
            <value>ابيورد / باورد</value>
          </Data>
          <Data name="region">
            <value>Khurasan</value>
          </Data>
          <Data name="modern_country">
            <value>Iran</value>
          </Data>
          <Data name="turkish">
            <value>Abivard</value>
          </Data>
          <Data name="longtitude">
            <value>37.44548</value>
          </Data>
          <Data name="latitude">
            <value>59.109916</value>
          </Data>
        </ExtendedData>
        <Point>
          <coordinates>
            59.109916,37.44548,0
          </coordinates>
        </Point>
      </Placemark>
      <Placemark>
        <name>Abkhāz</name>
        <description><![CDATA[arabic: ابخاز<br>region: Gurjistan<br>modern_country: Georgia<br>turkish: Abhaz<br>longtitude: 42.143042<br>latitude: 44.274902]]></description>
        <styleUrl>#icon-1899-1A237E</styleUrl>
        <ExtendedData>
          <Data name="arabic">
            <value>ابخاز</value>
          </Data>
          <Data name="region">
            <value>Gurjistan</value>
          </Data>
          <Data name="modern_country">
            <value>Georgia</value>
          </Data>
          <Data name="turkish">
            <value>Abhaz</value>
          </Data>
          <Data name="longtitude">
            <value>42.143042</value>
          </Data>
          <Data name="latitude">
            <value>44.274902</value>
          </Data>
        </ExtendedData>
        <Point>
          <coordinates>
            44.274902,42.143042,0
          </coordinates>
        </Point>
      </Placemark>
      <Placemark>
        <name>Abrīz</name>
        <description><![CDATA[arabic: ابريز<br>region: Rum<br>modern_country: Turkey<br>turkish: Abriz<br>longtitude: 37.522797<br>latitude: 34.119255]]></description>
        <styleUrl>#icon-1899-817717</styleUrl>
        <ExtendedData>
          <Data name="arabic">
            <value>ابريز</value>
          </Data>
          <Data name="region">
            <value>Rum</value>
          </Data>
          <Data name="modern_country">
            <value>Turkey</value>
          </Data>
          <Data name="turkish">
            <value>Abriz</value>
          </Data>
          <Data name="longtitude">
            <value>37.522797</value>
          </Data>
          <Data name="latitude">
            <value>34.119255</value>
          </Data>
        </ExtendedData>
        <Point>
          <coordinates>
            34.119255,37.522797,0
          </coordinates>
        </Point>
      </Placemark>
      <Placemark>
        <name>Abū Isḥaq</name>
        <description><![CDATA[arabic: ابو اسحاق<br>region: Fars<br>modern_country: Iran<br>turkish: Ebu İshak<br>longtitude: 29.641269<br>latitude: 51.617424]]></description>
        <styleUrl>#icon-1899-FF5252</styleUrl>
        <ExtendedData>
          <Data name="arabic">
            <value>ابو اسحاق</value>
          </Data>
          <Data name="region">
            <value>Fars</value>
          </Data>
          <Data name="modern_country">
            <value>Iran</value>
          </Data>
          <Data name="turkish">
            <value>Ebu İshak</value>
          </Data>
          <Data name="longtitude">
            <value>29.641269</value>
          </Data>
          <Data name="latitude">
            <value>51.617424</value>
          </Data>
        </ExtendedData>
        <Point>
          <coordinates>
            51.617424,29.641269,0
          </coordinates>
        </Point>
      </Placemark>
      <Placemark>
        <name>Agarāk / Agarak</name>
        <description><![CDATA[arabic: اگراک / اگرک<br>region: Rum<br>modern_country: Turkey<br>turkish: Agarak<br>longtitude: 40.356772<br>latitude: 41.556281]]></description>
        <styleUrl>#icon-1899-817717</styleUrl>
        <ExtendedData>
          <Data name="arabic">
            <value>اگراک / اگرک</value>
          </Data>
          <Data name="region">
            <value>Rum</value>
          </Data>
          <Data name="modern_country">
            <value>Turkey</value>
          </Data>
          <Data name="turkish">
            <value>Agarak</value>
          </Data>
          <Data name="longtitude">
            <value>40.356772</value>
          </Data>
          <Data name="latitude">
            <value>41.556281</value>
          </Data>
        </ExtendedData>
        <Point>
          <coordinates>
            41.556281,40.356772,0
          </coordinates>
        </Point>
      </Placemark>
      <Placemark>
        <name>Akhalsīkh / Ākhālsikh / Akhalsī</name>
        <description><![CDATA[arabic: اجلسيخ / اجالسخ / اجلسي<br>region: Gurjistan<br>modern_country: Georgia<br>turkish: Ahalsih<br>longtitude: 41.643429<br>latitude: 42.993445]]></description>
        <styleUrl>#icon-1899-1A237E</styleUrl>
        <ExtendedData>
          <Data name="arabic">
            <value>اجلسيخ / اجالسخ / اجلسي</value>
          </Data>
          <Data name="region">
            <value>Gurjistan</value>
          </Data>
          <Data name="modern_country">
            <value>Georgia</value>
          </Data>
          <Data name="turkish">
            <value>Ahalsih</value>
          </Data>
          <Data name="longtitude">
            <value>41.643429</value>
          </Data>
          <Data name="latitude">
            <value>42.993445</value>
          </Data>
        </ExtendedData>
        <Point>
          <coordinates>
            42.993445,41.643429,0
          </coordinates>
        </Point>
      </Placemark>
      <Placemark>
        <name>Ākhlāt</name>
        <description><![CDATA[arabic: آخلاط<br>region: Arminiyah<br>modern_country: Turkey<br>turkish: Ahlat<br>longtitude: 38.754338<br>latitude: 42.486357]]></description>
        <styleUrl>#icon-1899-9C27B0</styleUrl>
        <ExtendedData>
          <Data name="arabic">
            <value>آخلاط</value>
          </Data>
          <Data name="region">
            <value>Arminiyah</value>
          </Data>
          <Data name="modern_country">
            <value>Turkey</value>
          </Data>
          <Data name="turkish">
            <value>Ahlat</value>
          </Data>
          <Data name="longtitude">
            <value>38.754338</value>
          </Data>
          <Data name="latitude">
            <value>42.486357</value>
          </Data>
        </ExtendedData>
        <Point>
          <coordinates>
            42.486357,38.754338,0
          </coordinates>
        </Point>
      </Placemark>
      <Placemark>
        <name>Ālāgiz / Ālagiz / Ālagīz</name>
        <description><![CDATA[arabic: آلاگز / آلگز / آلکيز<br>region: Arminiyah<br>modern_country: Armenia<br>turkish: Alakız<br>longtitude: 40.680203<br>latitude: 44.288694]]></description>
        <styleUrl>#icon-1899-9C27B0</styleUrl>
        <ExtendedData>
          <Data name="arabic">
            <value>آلاگز / آلگز / آلکيز</value>
          </Data>
          <Data name="region">
            <value>Arminiyah</value>
          </Data>
          <Data name="modern_country">
            <value>Armenia</value>
          </Data>
          <Data name="turkish">
            <value>Alakız</value>
          </Data>
          <Data name="longtitude">
            <value>40.680203</value>
          </Data>
          <Data name="latitude">
            <value>44.288694</value>
          </Data>
        </ExtendedData>
        <Point>
          <coordinates>
            44.288694,40.680203,0
          </coordinates>
        </Point>
      </Placemark>
      <Placemark>
        <name><![CDATA[ʿAlā'iya]]></name>
        <description><![CDATA[arabic: علائیة<br>region: Rum<br>modern_country: Turkey<br>turkish: Alaiye<br>longtitude: 36.547384<br>latitude: 31.995372]]></description>
        <styleUrl>#icon-1899-817717</styleUrl>
        <ExtendedData>
          <Data name="arabic">
            <value>علائیة</value>
          </Data>
          <Data name="region">
            <value>Rum</value>
          </Data>
          <Data name="modern_country">
            <value>Turkey</value>
          </Data>
          <Data name="turkish">
            <value>Alaiye</value>
          </Data>
          <Data name="longtitude">
            <value>36.547384</value>
          </Data>
          <Data name="latitude">
            <value>31.995372</value>
          </Data>
        </ExtendedData>
        <Point>
          <coordinates>
            31.995372,36.547384,0
          </coordinates>
        </Point>
      </Placemark>
      <Placemark>
        <name>Alinjāq / Alinja</name>
        <description><![CDATA[arabic: النجاق / النجة<br>region: Adharbayjan<br>modern_country: Azerbaijan<br>turkish: Alince<br>longtitude: 39.178514<br>latitude: 45.696645]]></description>
        <styleUrl>#icon-1899-C2185B</styleUrl>
        <ExtendedData>
          <Data name="arabic">
            <value>النجاق / النجة</value>
          </Data>
          <Data name="region">
            <value>Adharbayjan</value>
          </Data>
          <Data name="modern_country">
            <value>Azerbaijan</value>
          </Data>
          <Data name="turkish">
            <value>Alince</value>
          </Data>
          <Data name="longtitude">
            <value>39.178514</value>
          </Data>
          <Data name="latitude">
            <value>45.696645</value>
          </Data>
        </ExtendedData>
        <Point>
          <coordinates>
            45.696645,39.178514,0
          </coordinates>
        </Point>
      </Placemark>
      <Placemark>
        <name>Alishtar / Alistar</name>
        <description><![CDATA[arabic: الشتر / الستر<br>region: Jibal<br>modern_country: Iran<br>turkish: Aliştar<br>longtitude: 33.866282<br>latitude: 48.264484]]></description>
        <styleUrl>#icon-1899-006064</styleUrl>
        <ExtendedData>
          <Data name="arabic">
            <value>الشتر / الستر</value>
          </Data>
          <Data name="region">
            <value>Jibal</value>
          </Data>
          <Data name="modern_country">
            <value>Iran</value>
          </Data>
          <Data name="turkish">
            <value>Aliştar</value>
          </Data>
          <Data name="longtitude">
            <value>33.866282</value>
          </Data>
          <Data name="latitude">
            <value>48.264484</value>
          </Data>
        </ExtendedData>
        <Point>
          <coordinates>
            48.264484,33.866282,0
          </coordinates>
        </Point>
      </Placemark>
      <Placemark>
        <name>Āmāsya</name>
        <description><![CDATA[arabic: آماسيہ<br>region: Rum<br>modern_country: Turkey<br>turkish: Amasya<br>longtitude: 40.650201<br>latitude: 35.833821]]></description>
        <styleUrl>#icon-1899-817717</styleUrl>
        <ExtendedData>
          <Data name="arabic">
            <value>آماسيہ</value>
          </Data>
          <Data name="region">
            <value>Rum</value>
          </Data>
          <Data name="modern_country">
            <value>Turkey</value>
          </Data>
          <Data name="turkish">
            <value>Amasya</value>
          </Data>
          <Data name="longtitude">
            <value>40.650201</value>
          </Data>
          <Data name="latitude">
            <value>35.833821</value>
          </Data>
        </ExtendedData>
        <Point>
          <coordinates>
            35.833821,40.650201,0
          </coordinates>
        </Point>
      </Placemark>
      <Placemark>
        <name>Āmid</name>
        <description><![CDATA[arabic: آمد‎<br>region: Jazirah<br>modern_country: Turkey<br>turkish: Amid<br>longtitude: 37.911554<br>latitude: 40.227624]]></description>
        <styleUrl>#icon-1899-097138</styleUrl>
        <ExtendedData>
          <Data name="arabic">
            <value>آمد‎</value>
          </Data>
          <Data name="region">
            <value>Jazirah</value>
          </Data>
          <Data name="modern_country">
            <value>Turkey</value>
          </Data>
          <Data name="turkish">
            <value>Amid</value>
          </Data>
          <Data name="longtitude">
            <value>37.911554</value>
          </Data>
          <Data name="latitude">
            <value>40.227624</value>
          </Data>
        </ExtendedData>
        <Point>
          <coordinates>
            40.227624,37.911554,0
          </coordinates>
        </Point>
      </Placemark>
      <Placemark>
        <name>Āmul</name>
        <description><![CDATA[arabic: آمل<br>region: Mazandaran<br>modern_country: Iran<br>turkish: Amul<br>longtitude: 36.471343<br>latitude: 52.349246]]></description>
        <styleUrl>#icon-1899-A52714</styleUrl>
        <ExtendedData>
          <Data name="arabic">
            <value>آمل</value>
          </Data>
          <Data name="region">
            <value>Mazandaran</value>
          </Data>
          <Data name="modern_country">
            <value>Iran</value>
          </Data>
          <Data name="turkish">
            <value>Amul</value>
          </Data>
          <Data name="longtitude">
            <value>36.471343</value>
          </Data>
          <Data name="latitude">
            <value>52.349246</value>
          </Data>
        </ExtendedData>
        <Point>
          <coordinates>
            52.349246,36.471343,0
          </coordinates>
        </Point>
      </Placemark>
      <Placemark>
        <name>Ānī</name>
        <description><![CDATA[arabic: آني<br>region: Arminiyah<br>modern_country: Turkey<br>turkish: Ani<br>longtitude: 40.505381<br>latitude: 43.574524]]></description>
        <styleUrl>#icon-1899-9C27B0</styleUrl>
        <ExtendedData>
          <Data name="arabic">
            <value>آني</value>
          </Data>
          <Data name="region">
            <value>Arminiyah</value>
          </Data>
          <Data name="modern_country">
            <value>Turkey</value>
          </Data>
          <Data name="turkish">
            <value>Ani</value>
          </Data>
          <Data name="longtitude">
            <value>40.505381</value>
          </Data>
          <Data name="latitude">
            <value>43.574524</value>
          </Data>
        </ExtendedData>
        <Point>
          <coordinates>
            43.574524,40.505381,0
          </coordinates>
        </Point>
      </Placemark>
      <Placemark>
        <name>Ānkū</name>
        <description><![CDATA[arabic: آنکو<br>region: Rum<br>modern_country: Turkey<br>turkish: Engü<br>longtitude: 39.927232<br>latitude: 32.851977]]></description>
        <styleUrl>#icon-1899-817717</styleUrl>
        <ExtendedData>
          <Data name="arabic">
            <value>آنکو</value>
          </Data>
          <Data name="region">
            <value>Rum</value>
          </Data>
          <Data name="modern_country">
            <value>Turkey</value>
          </Data>
          <Data name="turkish">
            <value>Engü</value>
          </Data>
          <Data name="longtitude">
            <value>39.927232</value>
          </Data>
          <Data name="latitude">
            <value>32.851977</value>
          </Data>
        </ExtendedData>
        <Point>
          <coordinates>
            32.851977,39.927232,0
          </coordinates>
        </Point>
      </Placemark>
      <Placemark>
        <name>Ānkūrīya / Ānqirīya</name>
        <description><![CDATA[arabic: آنکوريّه<br>region: Rum<br>modern_country: Turkey<br>turkish: Engüriye (Ankara)<br>longtitude: 39.927232<br>latitude: 32.851977]]></description>
        <styleUrl>#icon-1899-817717</styleUrl>
        <ExtendedData>
          <Data name="arabic">
            <value>آنکوريّه</value>
          </Data>
          <Data name="region">
            <value>Rum</value>
          </Data>
          <Data name="modern_country">
            <value>Turkey</value>
          </Data>
          <Data name="turkish">
            <value>Engüriye (Ankara)</value>
          </Data>
          <Data name="longtitude">
            <value>39.927232</value>
          </Data>
          <Data name="latitude">
            <value>32.851977</value>
          </Data>
        </ExtendedData>
        <Point>
          <coordinates>
            32.851977,39.927232,0
          </coordinates>
        </Point>
      </Placemark>
      <Placemark>
        <name>Ānṭālya</name>
        <description><![CDATA[arabic: آنطاليه<br>region: Rum<br>modern_country: Turkey<br>turkish: Antalya<br>longtitude: 36.900878<br>latitude: 30.693712]]></description>
        <styleUrl>#icon-1899-817717</styleUrl>
        <ExtendedData>
          <Data name="arabic">
            <value>آنطاليه</value>
          </Data>
          <Data name="region">
            <value>Rum</value>
          </Data>
          <Data name="modern_country">
            <value>Turkey</value>
          </Data>
          <Data name="turkish">
            <value>Antalya</value>
          </Data>
          <Data name="longtitude">
            <value>36.900878</value>
          </Data>
          <Data name="latitude">
            <value>30.693712</value>
          </Data>
        </ExtendedData>
        <Point>
          <coordinates>
            30.693712,36.900878,0
          </coordinates>
        </Point>
      </Placemark>
      <Placemark>
        <name>ʿAqar</name>
        <description><![CDATA[arabic: عقر‎‎<br>region: Jazirah<br>modern_country: Iraq<br>turkish: Akr<br>longtitude: 36.74112<br>latitude: 43.880849]]></description>
        <styleUrl>#icon-1899-097138</styleUrl>
        <ExtendedData>
          <Data name="arabic">
            <value>عقر‎‎</value>
          </Data>
          <Data name="region">
            <value>Jazirah</value>
          </Data>
          <Data name="modern_country">
            <value>Iraq</value>
          </Data>
          <Data name="turkish">
            <value>Akr</value>
          </Data>
          <Data name="longtitude">
            <value>36.74112</value>
          </Data>
          <Data name="latitude">
            <value>43.880849</value>
          </Data>
        </ExtendedData>
        <Point>
          <coordinates>
            43.880849,36.74112,0
          </coordinates>
        </Point>
      </Placemark>
      <Placemark>
        <name>Āqsarāy / Āqsarā</name>
        <description><![CDATA[arabic: آقسرای / آقسرا<br>region: Rum<br>modern_country: Turkey<br>turkish: Aksaray<br>longtitude: 38.370542<br>latitude: 34.026907]]></description>
        <styleUrl>#icon-1899-817717</styleUrl>
        <ExtendedData>
          <Data name="arabic">
            <value>آقسرای / آقسرا</value>
          </Data>
          <Data name="region">
            <value>Rum</value>
          </Data>
          <Data name="modern_country">
            <value>Turkey</value>
          </Data>
          <Data name="turkish">
            <value>Aksaray</value>
          </Data>
          <Data name="longtitude">
            <value>38.370542</value>
          </Data>
          <Data name="latitude">
            <value>34.026907</value>
          </Data>
        </ExtendedData>
        <Point>
          <coordinates>
            34.026907,38.370542,0
          </coordinates>
        </Point>
      </Placemark>
      <Placemark>
        <name>Āqshahr</name>
        <description><![CDATA[arabic: آقشهر<br>region: Rum<br>modern_country: Turkey<br>turkish: Akşehir<br>longtitude: 38.35834<br>latitude: 31.417708]]></description>
        <styleUrl>#icon-1899-817717</styleUrl>
        <ExtendedData>
          <Data name="arabic">
            <value>آقشهر</value>
          </Data>
          <Data name="region">
            <value>Rum</value>
          </Data>
          <Data name="modern_country">
            <value>Turkey</value>
          </Data>
          <Data name="turkish">
            <value>Akşehir</value>
          </Data>
          <Data name="longtitude">
            <value>38.35834</value>
          </Data>
          <Data name="latitude">
            <value>31.417708</value>
          </Data>
        </ExtendedData>
        <Point>
          <coordinates>
            31.417708,38.35834,0
          </coordinates>
        </Point>
      </Placemark>
      <Placemark>
        <name>Ardabīl</name>
        <description><![CDATA[arabic: اردبيل‎<br>region: Adharbayjan<br>modern_country: Iran<br>turkish: Erdebil<br>longtitude: 38.249388<br>latitude: 48.296967]]></description>
        <styleUrl>#icon-1899-C2185B</styleUrl>
        <ExtendedData>
          <Data name="arabic">
            <value>اردبيل‎</value>
          </Data>
          <Data name="region">
            <value>Adharbayjan</value>
          </Data>
          <Data name="modern_country">
            <value>Iran</value>
          </Data>
          <Data name="turkish">
            <value>Erdebil</value>
          </Data>
          <Data name="longtitude">
            <value>38.249388</value>
          </Data>
          <Data name="latitude">
            <value>48.296967</value>
          </Data>
        </ExtendedData>
        <Point>
          <coordinates>
            48.296967,38.249388,0
          </coordinates>
        </Point>
      </Placemark>
      <Placemark>
        <name>Arjīsh</name>
        <description><![CDATA[arabic: ارجيش‎<br>region: Arminiyah<br>modern_country: Turkey<br>turkish: Erciş<br>longtitude: 39.028372<br>latitude: 43.35935]]></description>
        <styleUrl>#icon-1899-9C27B0</styleUrl>
        <ExtendedData>
          <Data name="arabic">
            <value>ارجيش‎</value>
          </Data>
          <Data name="region">
            <value>Arminiyah</value>
          </Data>
          <Data name="modern_country">
            <value>Turkey</value>
          </Data>
          <Data name="turkish">
            <value>Erciş</value>
          </Data>
          <Data name="longtitude">
            <value>39.028372</value>
          </Data>
          <Data name="latitude">
            <value>43.35935</value>
          </Data>
        </ExtendedData>
        <Point>
          <coordinates>
            43.35935,39.028372,0
          </coordinates>
        </Point>
      </Placemark>
      <Placemark>
        <name>Ārrān</name>
        <description><![CDATA[arabic: آرّان‎<br>region: Arran<br>modern_country: Azerbaijan<br>turkish: Arran<br>longtitude: 40.216636<br>latitude: 46.5271]]></description>
        <styleUrl>#icon-1899-FBC02D</styleUrl>
        <ExtendedData>
          <Data name="arabic">
            <value>آرّان‎</value>
          </Data>
          <Data name="region">
            <value>Arran</value>
          </Data>
          <Data name="modern_country">
            <value>Azerbaijan</value>
          </Data>
          <Data name="turkish">
            <value>Arran</value>
          </Data>
          <Data name="longtitude">
            <value>40.216636</value>
          </Data>
          <Data name="latitude">
            <value>46.5271</value>
          </Data>
        </ExtendedData>
        <Point>
          <coordinates>
            46.5271,40.216636,0
          </coordinates>
        </Point>
      </Placemark>
      <Placemark>
        <name>Arzan</name>
        <description><![CDATA[arabic: ارزن<br>region: Jazirah<br>modern_country: Turkey<br>turkish: Erzen<br>longtitude: 37.906283<br>latitude: 41.690369]]></description>
        <styleUrl>#icon-1899-097138</styleUrl>
        <ExtendedData>
          <Data name="arabic">
            <value>ارزن</value>
          </Data>
          <Data name="region">
            <value>Jazirah</value>
          </Data>
          <Data name="modern_country">
            <value>Turkey</value>
          </Data>
          <Data name="turkish">
            <value>Erzen</value>
          </Data>
          <Data name="longtitude">
            <value>37.906283</value>
          </Data>
          <Data name="latitude">
            <value>41.690369</value>
          </Data>
        </ExtendedData>
        <Point>
          <coordinates>
            41.690369,37.906283,0
          </coordinates>
        </Point>
      </Placemark>
      <Placemark>
        <name>Arzarūm / Arzan al-Rūm / Arzan Rūm / Arḍ al-Rūm</name>
        <description><![CDATA[arabic: ارزروم / ارزن الروم / ارزن روم / ارض الروم<br>region: Rum<br>modern_country: Turkey<br>turkish: Erzurum<br>longtitude: 39.908246<br>latitude: 41.275876]]></description>
        <styleUrl>#icon-1899-817717</styleUrl>
        <ExtendedData>
          <Data name="arabic">
            <value>ارزروم / ارزن الروم / ارزن روم / ارض الروم</value>
          </Data>
          <Data name="region">
            <value>Rum</value>
          </Data>
          <Data name="modern_country">
            <value>Turkey</value>
          </Data>
          <Data name="turkish">
            <value>Erzurum</value>
          </Data>
          <Data name="longtitude">
            <value>39.908246</value>
          </Data>
          <Data name="latitude">
            <value>41.275876</value>
          </Data>
        </ExtendedData>
        <Point>
          <coordinates>
            41.275876,39.908246,0
          </coordinates>
        </Point>
      </Placemark>
      <Placemark>
        <name>Arzinjān</name>
        <description><![CDATA[arabic: ارزنجان<br>region: Rum<br>modern_country: Turkey<br>turkish: Erzincan<br>longtitude: 39.749605<br>latitude: 39.494102]]></description>
        <styleUrl>#icon-1899-817717</styleUrl>
        <ExtendedData>
          <Data name="arabic">
            <value>ارزنجان</value>
          </Data>
          <Data name="region">
            <value>Rum</value>
          </Data>
          <Data name="modern_country">
            <value>Turkey</value>
          </Data>
          <Data name="turkish">
            <value>Erzincan</value>
          </Data>
          <Data name="longtitude">
            <value>39.749605</value>
          </Data>
          <Data name="latitude">
            <value>39.494102</value>
          </Data>
        </ExtendedData>
        <Point>
          <coordinates>
            39.494102,39.749605,0
          </coordinates>
        </Point>
      </Placemark>
      <Placemark>
        <name>Astarābād</name>
        <description><![CDATA[arabic: استرآباد<br>region: Jurjan<br>modern_country: Iran<br>turkish: Astarabad<br>longtitude: 36.589068<br>latitude: 54.20105]]></description>
        <styleUrl>#icon-1899-880E4F</styleUrl>
        <ExtendedData>
          <Data name="arabic">
            <value>استرآباد</value>
          </Data>
          <Data name="region">
            <value>Jurjan</value>
          </Data>
          <Data name="modern_country">
            <value>Iran</value>
          </Data>
          <Data name="turkish">
            <value>Astarabad</value>
          </Data>
          <Data name="longtitude">
            <value>36.589068</value>
          </Data>
          <Data name="latitude">
            <value>54.20105</value>
          </Data>
        </ExtendedData>
        <Point>
          <coordinates>
            54.20105,36.589068,0
          </coordinates>
        </Point>
      </Placemark>
      <Placemark>
        <name>Awāh / Awah</name>
        <description><![CDATA[arabic: اواہ / اوہ<br>region: Jibal<br>modern_country: Iran<br>turkish: Aveh<br>longtitude: 34.802834<br>latitude: 50.425648]]></description>
        <styleUrl>#icon-1899-006064</styleUrl>
        <ExtendedData>
          <Data name="arabic">
            <value>اواہ / اوہ</value>
          </Data>
          <Data name="region">
            <value>Jibal</value>
          </Data>
          <Data name="modern_country">
            <value>Iran</value>
          </Data>
          <Data name="turkish">
            <value>Aveh</value>
          </Data>
          <Data name="longtitude">
            <value>34.802834</value>
          </Data>
          <Data name="latitude">
            <value>50.425648</value>
          </Data>
        </ExtendedData>
        <Point>
          <coordinates>
            50.425648,34.802834,0
          </coordinates>
        </Point>
      </Placemark>
      <Placemark>
        <name>Awnīk / Awnik / Abnik</name>
        <description><![CDATA[arabic: اونيك / اونك / ابنيك<br>region: Rum<br>modern_country: Turkey<br>turkish: Avnik<br>longtitude: 39.970528<br>latitude: 41.868357]]></description>
        <styleUrl>#icon-1899-817717</styleUrl>
        <ExtendedData>
          <Data name="arabic">
            <value>اونيك / اونك / ابنيك</value>
          </Data>
          <Data name="region">
            <value>Rum</value>
          </Data>
          <Data name="modern_country">
            <value>Turkey</value>
          </Data>
          <Data name="turkish">
            <value>Avnik</value>
          </Data>
          <Data name="longtitude">
            <value>39.970528</value>
          </Data>
          <Data name="latitude">
            <value>41.868357</value>
          </Data>
        </ExtendedData>
        <Point>
          <coordinates>
            41.868357,39.970528,0
          </coordinates>
        </Point>
      </Placemark>
      <Placemark>
        <name>Āyāsluq / Āyāthluq / Āyāthlūgh</name>
        <description><![CDATA[arabic: آیاسلق / آیاثلق/ آیاثلوغ<br>region: Rum<br>modern_country: Turkey<br>turkish: Ayasluk<br>longtitude: 37.955162<br>latitude: 27.367973]]></description>
        <styleUrl>#icon-1899-817717</styleUrl>
        <ExtendedData>
          <Data name="arabic">
            <value>آیاسلق / آیاثلق/ آیاثلوغ</value>
          </Data>
          <Data name="region">
            <value>Rum</value>
          </Data>
          <Data name="modern_country">
            <value>Turkey</value>
          </Data>
          <Data name="turkish">
            <value>Ayasluk</value>
          </Data>
          <Data name="longtitude">
            <value>37.955162</value>
          </Data>
          <Data name="latitude">
            <value>27.367973</value>
          </Data>
        </ExtendedData>
        <Point>
          <coordinates>
            27.367973,37.955162,0
          </coordinates>
        </Point>
      </Placemark>
      <Placemark>
        <name>Aydhaj</name>
        <description><![CDATA[arabic: ایذج<br>region: Khuzistan<br>modern_country: Iran<br>turkish: İdic<br>longtitude: 31.842566<br>latitude: 49.86042]]></description>
        <styleUrl>#icon-1899-AFB42B</styleUrl>
        <ExtendedData>
          <Data name="arabic">
            <value>ایذج</value>
          </Data>
          <Data name="region">
            <value>Khuzistan</value>
          </Data>
          <Data name="modern_country">
            <value>Iran</value>
          </Data>
          <Data name="turkish">
            <value>İdic</value>
          </Data>
          <Data name="longtitude">
            <value>31.842566</value>
          </Data>
          <Data name="latitude">
            <value>49.86042</value>
          </Data>
        </ExtendedData>
        <Point>
          <coordinates>
            49.86042,31.842566,0
          </coordinates>
        </Point>
      </Placemark>
      <Placemark>
        <name>Āymid</name>
        <description><![CDATA[arabic: آیمد‎<br>region: Jazirah<br>modern_country: Turkey<br>turkish: Aymid<br>longtitude: 37.924171<br>latitude: 40.210932]]></description>
        <styleUrl>#icon-1899-097138</styleUrl>
        <ExtendedData>
          <Data name="arabic">
            <value>آیمد‎</value>
          </Data>
          <Data name="region">
            <value>Jazirah</value>
          </Data>
          <Data name="modern_country">
            <value>Turkey</value>
          </Data>
          <Data name="turkish">
            <value>Aymid</value>
          </Data>
          <Data name="longtitude">
            <value>37.924171</value>
          </Data>
          <Data name="latitude">
            <value>40.210932</value>
          </Data>
        </ExtendedData>
        <Point>
          <coordinates>
            40.210932,37.924171,0
          </coordinates>
        </Point>
      </Placemark>
      <Placemark>
        <name>Baghdād</name>
        <description><![CDATA[arabic: بغداد<br>region: Iraq<br>modern_country: Iraq<br>turkish: Bağdad<br>longtitude: 33.302425<br>latitude: 44.378799]]></description>
        <styleUrl>#icon-1899-673AB7</styleUrl>
        <ExtendedData>
          <Data name="arabic">
            <value>بغداد</value>
          </Data>
          <Data name="region">
            <value>Iraq</value>
          </Data>
          <Data name="modern_country">
            <value>Iraq</value>
          </Data>
          <Data name="turkish">
            <value>Bağdad</value>
          </Data>
          <Data name="longtitude">
            <value>33.302425</value>
          </Data>
          <Data name="latitude">
            <value>44.378799</value>
          </Data>
        </ExtendedData>
        <Point>
          <coordinates>
            44.378799,33.302425,0
          </coordinates>
        </Point>
      </Placemark>
      <Placemark>
        <name>Bahrazan / Bahrāzan</name>
        <description><![CDATA[arabic: بهرزن / بهرازن<br>region: Jurjan<br>modern_country: Iran<br>turkish: Bahrazan<br>longtitude: 37.751246<br>latitude: 56.32714]]></description>
        <styleUrl>#icon-1899-880E4F</styleUrl>
        <ExtendedData>
          <Data name="arabic">
            <value>بهرزن / بهرازن</value>
          </Data>
          <Data name="region">
            <value>Jurjan</value>
          </Data>
          <Data name="modern_country">
            <value>Iran</value>
          </Data>
          <Data name="turkish">
            <value>Bahrazan</value>
          </Data>
          <Data name="longtitude">
            <value>37.751246</value>
          </Data>
          <Data name="latitude">
            <value>56.32714</value>
          </Data>
        </ExtendedData>
        <Point>
          <coordinates>
            56.32714,37.751246,0
          </coordinates>
        </Point>
      </Placemark>
      <Placemark>
        <name>Bākū / Bākūya</name>
        <description><![CDATA[arabic: باکو / باکویه‎<br>region: Shirwan<br>modern_country: Azerbaijan<br>turkish: Bakü<br>longtitude: 40.392514<br>latitude: 49.846679]]></description>
        <styleUrl>#icon-1899-E65100</styleUrl>
        <ExtendedData>
          <Data name="arabic">
            <value>باکو / باکویه‎</value>
          </Data>
          <Data name="region">
            <value>Shirwan</value>
          </Data>
          <Data name="modern_country">
            <value>Azerbaijan</value>
          </Data>
          <Data name="turkish">
            <value>Bakü</value>
          </Data>
          <Data name="longtitude">
            <value>40.392514</value>
          </Data>
          <Data name="latitude">
            <value>49.846679</value>
          </Data>
        </ExtendedData>
        <Point>
          <coordinates>
            49.846679,40.392514,0
          </coordinates>
        </Point>
      </Placemark>
      <Placemark>
        <name>Balad</name>
        <description><![CDATA[arabic: بلد<br>region: Jazirah<br>modern_country: Iraq<br>turkish: Balad<br>longtitude: 36.52288<br>latitude: 42.733383]]></description>
        <styleUrl>#icon-1899-097138</styleUrl>
        <ExtendedData>
          <Data name="arabic">
            <value>بلد</value>
          </Data>
          <Data name="region">
            <value>Jazirah</value>
          </Data>
          <Data name="modern_country">
            <value>Iraq</value>
          </Data>
          <Data name="turkish">
            <value>Balad</value>
          </Data>
          <Data name="longtitude">
            <value>36.52288</value>
          </Data>
          <Data name="latitude">
            <value>42.733383</value>
          </Data>
        </ExtendedData>
        <Point>
          <coordinates>
            42.733383,36.52288,0
          </coordinates>
        </Point>
      </Placemark>
      <Placemark>
        <name>Balākhūr</name>
        <description><![CDATA[arabic: بلاخور<br>region: Rum<br>modern_country: Turkey<br>turkish: Balahor<br>longtitude: 40.435171<br>latitude: 39.518769]]></description>
        <styleUrl>#icon-1899-817717</styleUrl>
        <ExtendedData>
          <Data name="arabic">
            <value>بلاخور</value>
          </Data>
          <Data name="region">
            <value>Rum</value>
          </Data>
          <Data name="modern_country">
            <value>Turkey</value>
          </Data>
          <Data name="turkish">
            <value>Balahor</value>
          </Data>
          <Data name="longtitude">
            <value>40.435171</value>
          </Data>
          <Data name="latitude">
            <value>39.518769</value>
          </Data>
        </ExtendedData>
        <Point>
          <coordinates>
            39.518769,40.435171,0
          </coordinates>
        </Point>
      </Placemark>
      <Placemark>
        <name>Balkh</name>
        <description><![CDATA[arabic: بلخ‎<br>region: Khurasan<br>modern_country: Afghanistan<br>turkish: Belh<br>longtitude: 36.758126<br>latitude: 66.898083]]></description>
        <styleUrl>#icon-1899-0F9D58</styleUrl>
        <ExtendedData>
          <Data name="arabic">
            <value>بلخ‎</value>
          </Data>
          <Data name="region">
            <value>Khurasan</value>
          </Data>
          <Data name="modern_country">
            <value>Afghanistan</value>
          </Data>
          <Data name="turkish">
            <value>Belh</value>
          </Data>
          <Data name="longtitude">
            <value>36.758126</value>
          </Data>
          <Data name="latitude">
            <value>66.898083</value>
          </Data>
        </ExtendedData>
        <Point>
          <coordinates>
            66.898083,36.758126,0
          </coordinates>
        </Point>
      </Placemark>
      <Placemark>
        <name>Bardaʿ</name>
        <description><![CDATA[arabic: بردع‎<br>region: Arran<br>modern_country: Azerbaijan<br>turkish: Berda<br>longtitude: 40.381704<br>latitude: 47.122029]]></description>
        <styleUrl>#icon-1899-FBC02D</styleUrl>
        <ExtendedData>
          <Data name="arabic">
            <value>بردع‎</value>
          </Data>
          <Data name="region">
            <value>Arran</value>
          </Data>
          <Data name="modern_country">
            <value>Azerbaijan</value>
          </Data>
          <Data name="turkish">
            <value>Berda</value>
          </Data>
          <Data name="longtitude">
            <value>40.381704</value>
          </Data>
          <Data name="latitude">
            <value>47.122029</value>
          </Data>
        </ExtendedData>
        <Point>
          <coordinates>
            47.122029,40.381704,0
          </coordinates>
        </Point>
      </Placemark>
      <Placemark>
        <name>Barghama</name>
        <description><![CDATA[arabic: برغمہ<br>region: Rum<br>modern_country: Turkey<br>turkish: Bergama<br>longtitude: 39.111479<br>latitude: 27.182153]]></description>
        <styleUrl>#icon-1899-817717</styleUrl>
        <ExtendedData>
          <Data name="arabic">
            <value>برغمہ</value>
          </Data>
          <Data name="region">
            <value>Rum</value>
          </Data>
          <Data name="modern_country">
            <value>Turkey</value>
          </Data>
          <Data name="turkish">
            <value>Bergama</value>
          </Data>
          <Data name="longtitude">
            <value>39.111479</value>
          </Data>
          <Data name="latitude">
            <value>27.182153</value>
          </Data>
        </ExtendedData>
        <Point>
          <coordinates>
            27.182153,39.111479,0
          </coordinates>
        </Point>
      </Placemark>
      <Placemark>
        <name>Bārgirī / Pergirī</name>
        <description><![CDATA[arabic: بارگری / پرگری<br>region: Arminiyah<br>modern_country: Turkey<br>turkish: Bargiri<br>longtitude: 39.070912<br>latitude: 43.674088]]></description>
        <styleUrl>#icon-1899-9C27B0</styleUrl>
        <ExtendedData>
          <Data name="arabic">
            <value>بارگری / پرگری</value>
          </Data>
          <Data name="region">
            <value>Arminiyah</value>
          </Data>
          <Data name="modern_country">
            <value>Turkey</value>
          </Data>
          <Data name="turkish">
            <value>Bargiri</value>
          </Data>
          <Data name="longtitude">
            <value>39.070912</value>
          </Data>
          <Data name="latitude">
            <value>43.674088</value>
          </Data>
        </ExtendedData>
        <Point>
          <coordinates>
            43.674088,39.070912,0
          </coordinates>
        </Point>
      </Placemark>
      <Placemark>
        <name>Baṣra / al-Baṣra</name>
        <description><![CDATA[arabic: بصرة / البصرة<br>region: Iraq<br>modern_country: Iraq<br>turkish: Basra<br>longtitude: 30.495237<br>latitude: 47.809098]]></description>
        <styleUrl>#icon-1899-673AB7</styleUrl>
        <ExtendedData>
          <Data name="arabic">
            <value>بصرة / البصرة</value>
          </Data>
          <Data name="region">
            <value>Iraq</value>
          </Data>
          <Data name="modern_country">
            <value>Iraq</value>
          </Data>
          <Data name="turkish">
            <value>Basra</value>
          </Data>
          <Data name="longtitude">
            <value>30.495237</value>
          </Data>
          <Data name="latitude">
            <value>47.809098</value>
          </Data>
        </ExtendedData>
        <Point>
          <coordinates>
            47.809098,30.495237,0
          </coordinates>
        </Point>
      </Placemark>
      <Placemark>
        <name>Bāward</name>
        <description><![CDATA[arabic: باورد<br>region: Khurasan<br>modern_country: Iran<br>turkish: Bavard<br>longtitude: 37.44548<br>latitude: 59.109916]]></description>
        <styleUrl>#icon-1899-0F9D58</styleUrl>
        <ExtendedData>
          <Data name="arabic">
            <value>باورد</value>
          </Data>
          <Data name="region">
            <value>Khurasan</value>
          </Data>
          <Data name="modern_country">
            <value>Iran</value>
          </Data>
          <Data name="turkish">
            <value>Bavard</value>
          </Data>
          <Data name="longtitude">
            <value>37.44548</value>
          </Data>
          <Data name="latitude">
            <value>59.109916</value>
          </Data>
        </ExtendedData>
        <Point>
          <coordinates>
            59.109916,37.44548,0
          </coordinates>
        </Point>
      </Placemark>
      <Placemark>
        <name>al-Bawāzīj</name>
        <description><![CDATA[arabic: البوازیج<br>region: Iraq<br>modern_country: Iraq<br>turkish: Bevazic<br>longtitude: 35.373676<br>latitude: 43.589849]]></description>
        <styleUrl>#icon-1899-673AB7</styleUrl>
        <ExtendedData>
          <Data name="arabic">
            <value>البوازیج</value>
          </Data>
          <Data name="region">
            <value>Iraq</value>
          </Data>
          <Data name="modern_country">
            <value>Iraq</value>
          </Data>
          <Data name="turkish">
            <value>Bevazic</value>
          </Data>
          <Data name="longtitude">
            <value>35.373676</value>
          </Data>
          <Data name="latitude">
            <value>43.589849</value>
          </Data>
        </ExtendedData>
        <Point>
          <coordinates>
            43.589849,35.373676,0
          </coordinates>
        </Point>
      </Placemark>
      <Placemark>
        <name>Bāybirt</name>
        <description><![CDATA[arabic: بایبیرت<br>region: Rum<br>modern_country: Turkey<br>turkish: Bayburt<br>longtitude: 40.25569<br>latitude: 40.224099]]></description>
        <styleUrl>#icon-1899-817717</styleUrl>
        <ExtendedData>
          <Data name="arabic">
            <value>بایبیرت</value>
          </Data>
          <Data name="region">
            <value>Rum</value>
          </Data>
          <Data name="modern_country">
            <value>Turkey</value>
          </Data>
          <Data name="turkish">
            <value>Bayburt</value>
          </Data>
          <Data name="longtitude">
            <value>40.25569</value>
          </Data>
          <Data name="latitude">
            <value>40.224099</value>
          </Data>
        </ExtendedData>
        <Point>
          <coordinates>
            40.224099,40.25569,0
          </coordinates>
        </Point>
      </Placemark>
      <Placemark>
        <name>Baylaqān</name>
        <description><![CDATA[arabic: بیلقان‎<br>region: Arran<br>modern_country: Azerbaijan<br>turkish: Baylagan<br>longtitude: 39.774258<br>latitude: 47.600176]]></description>
        <styleUrl>#icon-1899-FBC02D</styleUrl>
        <ExtendedData>
          <Data name="arabic">
            <value>بیلقان‎</value>
          </Data>
          <Data name="region">
            <value>Arran</value>
          </Data>
          <Data name="modern_country">
            <value>Azerbaijan</value>
          </Data>
          <Data name="turkish">
            <value>Baylagan</value>
          </Data>
          <Data name="longtitude">
            <value>39.774258</value>
          </Data>
          <Data name="latitude">
            <value>47.600176</value>
          </Data>
        </ExtendedData>
        <Point>
          <coordinates>
            47.600176,39.774258,0
          </coordinates>
        </Point>
      </Placemark>
      <Placemark>
        <name>Bāzār Lashkarīya</name>
        <description><![CDATA[arabic: بازار لشکريّة<br>region: Khuzistan<br>modern_country: Iran<br>turkish: Bazar Laşkariye<br>longtitude: 31.666667<br>latitude: 48.9]]></description>
        <styleUrl>#icon-1899-AFB42B</styleUrl>
        <ExtendedData>
          <Data name="arabic">
            <value>بازار لشکريّة</value>
          </Data>
          <Data name="region">
            <value>Khuzistan</value>
          </Data>
          <Data name="modern_country">
            <value>Iran</value>
          </Data>
          <Data name="turkish">
            <value>Bazar Laşkariye</value>
          </Data>
          <Data name="longtitude">
            <value>31.666667</value>
          </Data>
          <Data name="latitude">
            <value>48.9</value>
          </Data>
        </ExtendedData>
        <Point>
          <coordinates>
            48.9,31.666667,0
          </coordinates>
        </Point>
      </Placemark>
      <Placemark>
        <name>Begbāzār</name>
        <description><![CDATA[arabic: بگبازار<br>region: Rum<br>modern_country: Turkey<br>turkish: Beypazarı<br>longtitude: 40.166193<br>latitude: 31.920763]]></description>
        <styleUrl>#icon-1899-817717</styleUrl>
        <ExtendedData>
          <Data name="arabic">
            <value>بگبازار</value>
          </Data>
          <Data name="region">
            <value>Rum</value>
          </Data>
          <Data name="modern_country">
            <value>Turkey</value>
          </Data>
          <Data name="turkish">
            <value>Beypazarı</value>
          </Data>
          <Data name="longtitude">
            <value>40.166193</value>
          </Data>
          <Data name="latitude">
            <value>31.920763</value>
          </Data>
        </ExtendedData>
        <Point>
          <coordinates>
            31.920763,40.166193,0
          </coordinates>
        </Point>
      </Placemark>
      <Placemark>
        <name>Begshahr</name>
        <description><![CDATA[arabic: بگشهر<br>region: Rum<br>modern_country: Turkey<br>turkish: Beyşehir<br>longtitude: 37.675454<br>latitude: 31.726909]]></description>
        <styleUrl>#icon-1899-817717</styleUrl>
        <ExtendedData>
          <Data name="arabic">
            <value>بگشهر</value>
          </Data>
          <Data name="region">
            <value>Rum</value>
          </Data>
          <Data name="modern_country">
            <value>Turkey</value>
          </Data>
          <Data name="turkish">
            <value>Beyşehir</value>
          </Data>
          <Data name="longtitude">
            <value>37.675454</value>
          </Data>
          <Data name="latitude">
            <value>31.726909</value>
          </Data>
        </ExtendedData>
        <Point>
          <coordinates>
            31.726909,37.675454,0
          </coordinates>
        </Point>
      </Placemark>
      <Placemark>
        <name>Bidlīs / Bitlīs</name>
        <description><![CDATA[arabic: بدلیس / بتلیس‎‎<br>region: Arminiyah<br>modern_country: Turkey<br>turkish: Bitlis<br>longtitude: 38.400219<br>latitude: 42.108132]]></description>
        <styleUrl>#icon-1899-9C27B0</styleUrl>
        <ExtendedData>
          <Data name="arabic">
            <value>بدلیس / بتلیس‎‎</value>
          </Data>
          <Data name="region">
            <value>Arminiyah</value>
          </Data>
          <Data name="modern_country">
            <value>Turkey</value>
          </Data>
          <Data name="turkish">
            <value>Bitlis</value>
          </Data>
          <Data name="longtitude">
            <value>38.400219</value>
          </Data>
          <Data name="latitude">
            <value>42.108132</value>
          </Data>
        </ExtendedData>
        <Point>
          <coordinates>
            42.108132,38.400219,0
          </coordinates>
        </Point>
      </Placemark>
      <Placemark>
        <name>Birgi</name>
        <description><![CDATA[arabic: برگی<br>region: Rum<br>modern_country: Turkey<br>turkish: Birgi<br>longtitude: 38.257692<br>latitude: 28.074254]]></description>
        <styleUrl>#icon-1899-817717</styleUrl>
        <ExtendedData>
          <Data name="arabic">
            <value>برگی</value>
          </Data>
          <Data name="region">
            <value>Rum</value>
          </Data>
          <Data name="modern_country">
            <value>Turkey</value>
          </Data>
          <Data name="turkish">
            <value>Birgi</value>
          </Data>
          <Data name="longtitude">
            <value>38.257692</value>
          </Data>
          <Data name="latitude">
            <value>28.074254</value>
          </Data>
        </ExtendedData>
        <Point>
          <coordinates>
            28.074254,38.257692,0
          </coordinates>
        </Point>
      </Placemark>
      <Placemark>
        <name>Bisṭām</name>
        <description><![CDATA[arabic: بسطام<br>region: Jurjan<br>modern_country: Iran<br>turkish: Bistam<br>longtitude: 36.484678<br>latitude: 54.998362]]></description>
        <styleUrl>#icon-1899-880E4F</styleUrl>
        <ExtendedData>
          <Data name="arabic">
            <value>بسطام</value>
          </Data>
          <Data name="region">
            <value>Jurjan</value>
          </Data>
          <Data name="modern_country">
            <value>Iran</value>
          </Data>
          <Data name="turkish">
            <value>Bistam</value>
          </Data>
          <Data name="longtitude">
            <value>36.484678</value>
          </Data>
          <Data name="latitude">
            <value>54.998362</value>
          </Data>
        </ExtendedData>
        <Point>
          <coordinates>
            54.998362,36.484678,0
          </coordinates>
        </Point>
      </Placemark>
      <Placemark>
        <name>Būrlū / Burlū</name>
        <description><![CDATA[arabic: بورلو / برلو<br>region: Rum<br>modern_country: Turkey<br>turkish: Borlu<br>longtitude: 41.263356<br>latitude: 32.796936]]></description>
        <styleUrl>#icon-1899-817717</styleUrl>
        <ExtendedData>
          <Data name="arabic">
            <value>بورلو / برلو</value>
          </Data>
          <Data name="region">
            <value>Rum</value>
          </Data>
          <Data name="modern_country">
            <value>Turkey</value>
          </Data>
          <Data name="turkish">
            <value>Borlu</value>
          </Data>
          <Data name="longtitude">
            <value>41.263356</value>
          </Data>
          <Data name="latitude">
            <value>32.796936</value>
          </Data>
        </ExtendedData>
        <Point>
          <coordinates>
            32.796936,41.263356,0
          </coordinates>
        </Point>
      </Placemark>
      <Placemark>
        <name>Būrdūr</name>
        <description><![CDATA[arabic: بوردور<br>region: Rum<br>modern_country: Turkey<br>turkish: Burdur<br>longtitude: 37.724839<br>latitude: 30.288729]]></description>
        <styleUrl>#icon-1899-817717</styleUrl>
        <ExtendedData>
          <Data name="arabic">
            <value>بوردور</value>
          </Data>
          <Data name="region">
            <value>Rum</value>
          </Data>
          <Data name="modern_country">
            <value>Turkey</value>
          </Data>
          <Data name="turkish">
            <value>Burdur</value>
          </Data>
          <Data name="longtitude">
            <value>37.724839</value>
          </Data>
          <Data name="latitude">
            <value>30.288729</value>
          </Data>
        </ExtendedData>
        <Point>
          <coordinates>
            30.288729,37.724839,0
          </coordinates>
        </Point>
      </Placemark>
      <Placemark>
        <name>Burghulū</name>
        <description><![CDATA[arabic: برغلو<br>region: Rum<br>modern_country: Turkey<br>turkish: Burgulu<br>longtitude: 38.125915<br>latitude: 30.626106]]></description>
        <styleUrl>#icon-1899-817717</styleUrl>
        <ExtendedData>
          <Data name="arabic">
            <value>برغلو</value>
          </Data>
          <Data name="region">
            <value>Rum</value>
          </Data>
          <Data name="modern_country">
            <value>Turkey</value>
          </Data>
          <Data name="turkish">
            <value>Burgulu</value>
          </Data>
          <Data name="longtitude">
            <value>38.125915</value>
          </Data>
          <Data name="latitude">
            <value>30.626106</value>
          </Data>
        </ExtendedData>
        <Point>
          <coordinates>
            30.626106,38.125915,0
          </coordinates>
        </Point>
      </Placemark>
      <Placemark>
        <name>Burūjird</name>
        <description><![CDATA[arabic: بروجرد<br>region: Jibal<br>modern_country: Iran<br>turkish: Burucird<br>longtitude: 33.894199<br>latitude: 48.767033]]></description>
        <styleUrl>#icon-1899-006064</styleUrl>
        <ExtendedData>
          <Data name="arabic">
            <value>بروجرد</value>
          </Data>
          <Data name="region">
            <value>Jibal</value>
          </Data>
          <Data name="modern_country">
            <value>Iran</value>
          </Data>
          <Data name="turkish">
            <value>Burucird</value>
          </Data>
          <Data name="longtitude">
            <value>33.894199</value>
          </Data>
          <Data name="latitude">
            <value>48.767033</value>
          </Data>
        </ExtendedData>
        <Point>
          <coordinates>
            48.767033,33.894199,0
          </coordinates>
        </Point>
      </Placemark>
      <Placemark>
        <name>Chamishgazak</name>
        <description><![CDATA[arabic: چمشگزك<br>region: Rum<br>modern_country: Turkey<br>turkish: Çemişkezek<br>longtitude: 39.062575<br>latitude: 38.912372]]></description>
        <styleUrl>#icon-1899-817717</styleUrl>
        <ExtendedData>
          <Data name="arabic">
            <value>چمشگزك</value>
          </Data>
          <Data name="region">
            <value>Rum</value>
          </Data>
          <Data name="modern_country">
            <value>Turkey</value>
          </Data>
          <Data name="turkish">
            <value>Çemişkezek</value>
          </Data>
          <Data name="longtitude">
            <value>39.062575</value>
          </Data>
          <Data name="latitude">
            <value>38.912372</value>
          </Data>
        </ExtendedData>
        <Point>
          <coordinates>
            38.912372,39.062575,0
          </coordinates>
        </Point>
      </Placemark>
      <Placemark>
        <name>Dāhistān / Dāghistān</name>
        <description><![CDATA[arabic: داهستان / داعستان<br>region: Jurjan<br>modern_country: Turkmenistan<br>turkish: Dağıstan<br>longtitude: 38.336662<br>latitude: 54.380884]]></description>
        <styleUrl>#icon-1899-880E4F</styleUrl>
        <ExtendedData>
          <Data name="arabic">
            <value>داهستان / داعستان</value>
          </Data>
          <Data name="region">
            <value>Jurjan</value>
          </Data>
          <Data name="modern_country">
            <value>Turkmenistan</value>
          </Data>
          <Data name="turkish">
            <value>Dağıstan</value>
          </Data>
          <Data name="longtitude">
            <value>38.336662</value>
          </Data>
          <Data name="latitude">
            <value>54.380884</value>
          </Data>
        </ExtendedData>
        <Point>
          <coordinates>
            54.380884,38.336662,0
          </coordinates>
        </Point>
      </Placemark>
      <Placemark>
        <name>Dāmghān</name>
        <description><![CDATA[arabic: دامغان<br>region: Kumis<br>modern_country: Iran<br>turkish: Damgan<br>longtitude: 36.170116<br>latitude: 54.34865]]></description>
        <styleUrl>#icon-1899-7CB342</styleUrl>
        <ExtendedData>
          <Data name="arabic">
            <value>دامغان</value>
          </Data>
          <Data name="region">
            <value>Kumis</value>
          </Data>
          <Data name="modern_country">
            <value>Iran</value>
          </Data>
          <Data name="turkish">
            <value>Damgan</value>
          </Data>
          <Data name="longtitude">
            <value>36.170116</value>
          </Data>
          <Data name="latitude">
            <value>54.34865</value>
          </Data>
        </ExtendedData>
        <Point>
          <coordinates>
            54.34865,36.170116,0
          </coordinates>
        </Point>
      </Placemark>
      <Placemark>
        <name>Dawalū</name>
        <description><![CDATA[arabic: دولو<br>region: Rum<br>modern_country: Turkey<br>turkish: Develi<br>longtitude: 38.388739<br>latitude: 35.491826]]></description>
        <styleUrl>#icon-1899-817717</styleUrl>
        <ExtendedData>
          <Data name="arabic">
            <value>دولو</value>
          </Data>
          <Data name="region">
            <value>Rum</value>
          </Data>
          <Data name="modern_country">
            <value>Turkey</value>
          </Data>
          <Data name="turkish">
            <value>Develi</value>
          </Data>
          <Data name="longtitude">
            <value>38.388739</value>
          </Data>
          <Data name="latitude">
            <value>35.491826</value>
          </Data>
        </ExtendedData>
        <Point>
          <coordinates>
            35.491826,38.388739,0
          </coordinates>
        </Point>
      </Placemark>
      <Placemark>
        <name>Dimashq</name>
        <description><![CDATA[arabic: دمشق<br>region: Syria<br>modern_country: Syria<br>turkish: Dımışk (Şam)<br>longtitude: 33.51307<br>latitude: 36.309581]]></description>
        <styleUrl>#icon-1899-0288D1</styleUrl>
        <ExtendedData>
          <Data name="arabic">
            <value>دمشق</value>
          </Data>
          <Data name="region">
            <value>Syria</value>
          </Data>
          <Data name="modern_country">
            <value>Syria</value>
          </Data>
          <Data name="turkish">
            <value>Dımışk (Şam)</value>
          </Data>
          <Data name="longtitude">
            <value>33.51307</value>
          </Data>
          <Data name="latitude">
            <value>36.309581</value>
          </Data>
        </ExtendedData>
        <Point>
          <coordinates>
            36.309581,33.51307,0
          </coordinates>
        </Point>
      </Placemark>
      <Placemark>
        <name>Dīwrīkī</name>
        <description><![CDATA[arabic: دیوریکی<br>region: Rum<br>modern_country: Turkey<br>turkish: Divriği<br>longtitude: 39.371376<br>latitude: 38.117851]]></description>
        <styleUrl>#icon-1899-817717</styleUrl>
        <ExtendedData>
          <Data name="arabic">
            <value>دیوریکی</value>
          </Data>
          <Data name="region">
            <value>Rum</value>
          </Data>
          <Data name="modern_country">
            <value>Turkey</value>
          </Data>
          <Data name="turkish">
            <value>Divriği</value>
          </Data>
          <Data name="longtitude">
            <value>39.371376</value>
          </Data>
          <Data name="latitude">
            <value>38.117851</value>
          </Data>
        </ExtendedData>
        <Point>
          <coordinates>
            38.117851,39.371376,0
          </coordinates>
        </Point>
      </Placemark>
      <Placemark>
        <name>Dizmār</name>
        <description><![CDATA[arabic: دزمار<br>region: Adharbayjan<br>modern_country: Iran<br>turkish: Dizmar<br>longtitude: 38.773358<br>latitude: 46.041641]]></description>
        <styleUrl>#icon-1899-C2185B</styleUrl>
        <ExtendedData>
          <Data name="arabic">
            <value>دزمار</value>
          </Data>
          <Data name="region">
            <value>Adharbayjan</value>
          </Data>
          <Data name="modern_country">
            <value>Iran</value>
          </Data>
          <Data name="turkish">
            <value>Dizmar</value>
          </Data>
          <Data name="longtitude">
            <value>38.773358</value>
          </Data>
          <Data name="latitude">
            <value>46.041641</value>
          </Data>
        </ExtendedData>
        <Point>
          <coordinates>
            46.041641,38.773358,0
          </coordinates>
        </Point>
      </Placemark>
      <Placemark>
        <name>Dmānīsi</name>
        <description><![CDATA[arabic: دمانیسی<br>region: Gurjistan<br>modern_country: Georgia<br>turkish: Damanisi<br>longtitude: 41.331049<br>latitude: 44.204126]]></description>
        <styleUrl>#icon-1899-1A237E</styleUrl>
        <ExtendedData>
          <Data name="arabic">
            <value>دمانیسی</value>
          </Data>
          <Data name="region">
            <value>Gurjistan</value>
          </Data>
          <Data name="modern_country">
            <value>Georgia</value>
          </Data>
          <Data name="turkish">
            <value>Damanisi</value>
          </Data>
          <Data name="longtitude">
            <value>41.331049</value>
          </Data>
          <Data name="latitude">
            <value>44.204126</value>
          </Data>
        </ExtendedData>
        <Point>
          <coordinates>
            44.204126,41.331049,0
          </coordinates>
        </Point>
      </Placemark>
      <Placemark>
        <name>Egridir / Egrī</name>
        <description><![CDATA[arabic: اگردر / اگری<br>region: Rum<br>modern_country: Turkey<br>turkish: Eğridir<br>longtitude: 37.874126<br>latitude: 30.849041]]></description>
        <styleUrl>#icon-1899-817717</styleUrl>
        <ExtendedData>
          <Data name="arabic">
            <value>اگردر / اگری</value>
          </Data>
          <Data name="region">
            <value>Rum</value>
          </Data>
          <Data name="modern_country">
            <value>Turkey</value>
          </Data>
          <Data name="turkish">
            <value>Eğridir</value>
          </Data>
          <Data name="longtitude">
            <value>37.874126</value>
          </Data>
          <Data name="latitude">
            <value>30.849041</value>
          </Data>
        </ExtendedData>
        <Point>
          <coordinates>
            30.849041,37.874126,0
          </coordinates>
        </Point>
      </Placemark>
      <Placemark>
        <name>Ermenāk / Ermenak</name>
        <description><![CDATA[arabic: ارمناك /ارمنك<br>region: Rum<br>modern_country: Turkey<br>turkish: Ermenak<br>longtitude: 36.639313<br>latitude: 32.891781]]></description>
        <styleUrl>#icon-1899-817717</styleUrl>
        <ExtendedData>
          <Data name="arabic">
            <value>ارمناك /ارمنك</value>
          </Data>
          <Data name="region">
            <value>Rum</value>
          </Data>
          <Data name="modern_country">
            <value>Turkey</value>
          </Data>
          <Data name="turkish">
            <value>Ermenak</value>
          </Data>
          <Data name="longtitude">
            <value>36.639313</value>
          </Data>
          <Data name="latitude">
            <value>32.891781</value>
          </Data>
        </ExtendedData>
        <Point>
          <coordinates>
            32.891781,36.639313,0
          </coordinates>
        </Point>
      </Placemark>
      <Placemark>
        <name>Falakābād</name>
        <description><![CDATA[arabic: فلکآباد<br>region: Rum<br>modern_country: Turkey<br>turkish: Felekabad<br>longtitude: 37.848019<br>latitude: 30.813217]]></description>
        <styleUrl>#icon-1899-817717</styleUrl>
        <ExtendedData>
          <Data name="arabic">
            <value>فلکآباد</value>
          </Data>
          <Data name="region">
            <value>Rum</value>
          </Data>
          <Data name="modern_country">
            <value>Turkey</value>
          </Data>
          <Data name="turkish">
            <value>Felekabad</value>
          </Data>
          <Data name="longtitude">
            <value>37.848019</value>
          </Data>
          <Data name="latitude">
            <value>30.813217</value>
          </Data>
        </ExtendedData>
        <Point>
          <coordinates>
            30.813217,37.848019,0
          </coordinates>
        </Point>
      </Placemark>
      <Placemark>
        <name>Firīm</name>
        <description><![CDATA[arabic: فریم<br>region: Mazandaran<br>modern_country: Iran<br>turkish: Firim<br>longtitude: 36.269742<br>latitude: 52.263333]]></description>
        <styleUrl>#icon-1899-A52714</styleUrl>
        <ExtendedData>
          <Data name="arabic">
            <value>فریم</value>
          </Data>
          <Data name="region">
            <value>Mazandaran</value>
          </Data>
          <Data name="modern_country">
            <value>Iran</value>
          </Data>
          <Data name="turkish">
            <value>Firim</value>
          </Data>
          <Data name="longtitude">
            <value>36.269742</value>
          </Data>
          <Data name="latitude">
            <value>52.263333</value>
          </Data>
        </ExtendedData>
        <Point>
          <coordinates>
            52.263333,36.269742,0
          </coordinates>
        </Point>
      </Placemark>
      <Placemark>
        <name>Fīrūzān</name>
        <description><![CDATA[arabic: فیروزان‎<br>region: Jibal<br>modern_country: Iran<br>turkish: Firuzan<br>longtitude: 32.250758<br>latitude: 51.308554]]></description>
        <styleUrl>#icon-1899-006064</styleUrl>
        <ExtendedData>
          <Data name="arabic">
            <value>فیروزان‎</value>
          </Data>
          <Data name="region">
            <value>Jibal</value>
          </Data>
          <Data name="modern_country">
            <value>Iran</value>
          </Data>
          <Data name="turkish">
            <value>Firuzan</value>
          </Data>
          <Data name="longtitude">
            <value>32.250758</value>
          </Data>
          <Data name="latitude">
            <value>51.308554</value>
          </Data>
        </ExtendedData>
        <Point>
          <coordinates>
            51.308554,32.250758,0
          </coordinates>
        </Point>
      </Placemark>
      <Placemark>
        <name>Fūman</name>
        <description><![CDATA[arabic: فومن<br>region: Gilan<br>modern_country: Iran<br>turkish: Fuman<br>longtitude: 37.227323<br>latitude: 49.314195]]></description>
        <styleUrl>#icon-1899-0097A7</styleUrl>
        <ExtendedData>
          <Data name="arabic">
            <value>فومن</value>
          </Data>
          <Data name="region">
            <value>Gilan</value>
          </Data>
          <Data name="modern_country">
            <value>Iran</value>
          </Data>
          <Data name="turkish">
            <value>Fuman</value>
          </Data>
          <Data name="longtitude">
            <value>37.227323</value>
          </Data>
          <Data name="latitude">
            <value>49.314195</value>
          </Data>
        </ExtendedData>
        <Point>
          <coordinates>
            49.314195,37.227323,0
          </coordinates>
        </Point>
      </Placemark>
      <Placemark>
        <name>Ganja</name>
        <description><![CDATA[arabic: گنجة‎<br>region: Arran<br>modern_country: Azerbaijan<br>turkish: Gence<br>longtitude: 40.679475<br>latitude: 46.356451]]></description>
        <styleUrl>#icon-1899-FBC02D</styleUrl>
        <ExtendedData>
          <Data name="arabic">
            <value>گنجة‎</value>
          </Data>
          <Data name="region">
            <value>Arran</value>
          </Data>
          <Data name="modern_country">
            <value>Azerbaijan</value>
          </Data>
          <Data name="turkish">
            <value>Gence</value>
          </Data>
          <Data name="longtitude">
            <value>40.679475</value>
          </Data>
          <Data name="latitude">
            <value>46.356451</value>
          </Data>
        </ExtendedData>
        <Point>
          <coordinates>
            46.356451,40.679475,0
          </coordinates>
        </Point>
      </Placemark>
      <Placemark>
        <name>Garnī / Qarnī</name>
        <description><![CDATA[arabic: گرنی / قرنی<br>region: Arminiyah<br>modern_country: Armenia<br>turkish: Garni<br>longtitude: 40.116731<br>latitude: 44.723454]]></description>
        <styleUrl>#icon-1899-9C27B0</styleUrl>
        <ExtendedData>
          <Data name="arabic">
            <value>گرنی / قرنی</value>
          </Data>
          <Data name="region">
            <value>Arminiyah</value>
          </Data>
          <Data name="modern_country">
            <value>Armenia</value>
          </Data>
          <Data name="turkish">
            <value>Garni</value>
          </Data>
          <Data name="longtitude">
            <value>40.116731</value>
          </Data>
          <Data name="latitude">
            <value>44.723454</value>
          </Data>
        </ExtendedData>
        <Point>
          <coordinates>
            44.723454,40.116731,0
          </coordinates>
        </Point>
      </Placemark>
      <Placemark>
        <name>Gerīt</name>
        <description><![CDATA[arabic: گریت<br>region: Jibal<br>modern_country: Iran<br>turkish: Gerit<br>longtitude: 33.430393<br>latitude: 48.267757]]></description>
        <styleUrl>#icon-1899-006064</styleUrl>
        <ExtendedData>
          <Data name="arabic">
            <value>گریت</value>
          </Data>
          <Data name="region">
            <value>Jibal</value>
          </Data>
          <Data name="modern_country">
            <value>Iran</value>
          </Data>
          <Data name="turkish">
            <value>Gerit</value>
          </Data>
          <Data name="longtitude">
            <value>33.430393</value>
          </Data>
          <Data name="latitude">
            <value>48.267757</value>
          </Data>
        </ExtendedData>
        <Point>
          <coordinates>
            48.267757,33.430393,0
          </coordinates>
        </Point>
      </Placemark>
      <Placemark>
        <name>Ghazna</name>
        <description><![CDATA[arabic: غزنة<br>region: Sijistan<br>modern_country: Afghanistan<br>turkish: Gazne<br>longtitude: 33.544897<br>latitude: 68.413211]]></description>
        <styleUrl>#icon-1661-BDBDBD</styleUrl>
        <ExtendedData>
          <Data name="arabic">
            <value>غزنة</value>
          </Data>
          <Data name="region">
            <value>Sijistan</value>
          </Data>
          <Data name="modern_country">
            <value>Afghanistan</value>
          </Data>
          <Data name="turkish">
            <value>Gazne</value>
          </Data>
          <Data name="longtitude">
            <value>33.544897</value>
          </Data>
          <Data name="latitude">
            <value>68.413211</value>
          </Data>
        </ExtendedData>
        <Point>
          <coordinates>
            68.413211,33.544897,0
          </coordinates>
        </Point>
      </Placemark>
      <Placemark>
        <name>Gölbāzār / Gūlbāzār</name>
        <description><![CDATA[arabic: گلبازار / گولبازار<br>region: Rum<br>modern_country: Turkey<br>turkish: Gölbazar<br>longtitude: 40.283937<br>latitude: 30.316536]]></description>
        <styleUrl>#icon-1899-817717</styleUrl>
        <ExtendedData>
          <Data name="arabic">
            <value>گلبازار / گولبازار</value>
          </Data>
          <Data name="region">
            <value>Rum</value>
          </Data>
          <Data name="modern_country">
            <value>Turkey</value>
          </Data>
          <Data name="turkish">
            <value>Gölbazar</value>
          </Data>
          <Data name="longtitude">
            <value>40.283937</value>
          </Data>
          <Data name="latitude">
            <value>30.316536</value>
          </Data>
        </ExtendedData>
        <Point>
          <coordinates>
            30.316536,40.283937,0
          </coordinates>
        </Point>
      </Placemark>
      <Placemark>
        <name>Gölḥiṣārī / Qölḥiṣārī</name>
        <description><![CDATA[arabic: گلحصاری / قلحصاری<br>region: Rum<br>modern_country: Turkey<br>turkish: Gölhisarı<br>longtitude: 37.14814<br>latitude: 29.511979]]></description>
        <styleUrl>#icon-1899-817717</styleUrl>
        <ExtendedData>
          <Data name="arabic">
            <value>گلحصاری / قلحصاری</value>
          </Data>
          <Data name="region">
            <value>Rum</value>
          </Data>
          <Data name="modern_country">
            <value>Turkey</value>
          </Data>
          <Data name="turkish">
            <value>Gölhisarı</value>
          </Data>
          <Data name="longtitude">
            <value>37.14814</value>
          </Data>
          <Data name="latitude">
            <value>29.511979</value>
          </Data>
        </ExtendedData>
        <Point>
          <coordinates>
            29.511979,37.14814,0
          </coordinates>
        </Point>
      </Placemark>
      <Placemark>
        <name>Gulshahr</name>
        <description><![CDATA[arabic: گلشهر<br>region: Rum<br>modern_country: Turkey<br>turkish: Gülşehir<br>longtitude: 38.743032<br>latitude: 34.619659]]></description>
        <styleUrl>#icon-1899-817717</styleUrl>
        <ExtendedData>
          <Data name="arabic">
            <value>گلشهر</value>
          </Data>
          <Data name="region">
            <value>Rum</value>
          </Data>
          <Data name="modern_country">
            <value>Turkey</value>
          </Data>
          <Data name="turkish">
            <value>Gülşehir</value>
          </Data>
          <Data name="longtitude">
            <value>38.743032</value>
          </Data>
          <Data name="latitude">
            <value>34.619659</value>
          </Data>
        </ExtendedData>
        <Point>
          <coordinates>
            34.619659,38.743032,0
          </coordinates>
        </Point>
      </Placemark>
      <Placemark>
        <name>Gumushbāzār</name>
        <description><![CDATA[arabic: گمشبازار<br>region: Rum<br>modern_country: Turkey<br>turkish: Gümüşpazar<br>longtitude: 40.907286<br>latitude: 35.241394]]></description>
        <styleUrl>#icon-1899-817717</styleUrl>
        <ExtendedData>
          <Data name="arabic">
            <value>گمشبازار</value>
          </Data>
          <Data name="region">
            <value>Rum</value>
          </Data>
          <Data name="modern_country">
            <value>Turkey</value>
          </Data>
          <Data name="turkish">
            <value>Gümüşpazar</value>
          </Data>
          <Data name="longtitude">
            <value>40.907286</value>
          </Data>
          <Data name="latitude">
            <value>35.241394</value>
          </Data>
        </ExtendedData>
        <Point>
          <coordinates>
            35.241394,40.907286,0
          </coordinates>
        </Point>
      </Placemark>
      <Placemark>
        <name>Hamadān</name>
        <description><![CDATA[arabic: همدان<br>region: Jibal<br>modern_country: Iran<br>turkish: Hemedan<br>longtitude: 34.798187<br>latitude: 48.514633]]></description>
        <styleUrl>#icon-1899-006064</styleUrl>
        <ExtendedData>
          <Data name="arabic">
            <value>همدان</value>
          </Data>
          <Data name="region">
            <value>Jibal</value>
          </Data>
          <Data name="modern_country">
            <value>Iran</value>
          </Data>
          <Data name="turkish">
            <value>Hemedan</value>
          </Data>
          <Data name="longtitude">
            <value>34.798187</value>
          </Data>
          <Data name="latitude">
            <value>48.514633</value>
          </Data>
        </ExtendedData>
        <Point>
          <coordinates>
            48.514633,34.798187,0
          </coordinates>
        </Point>
      </Placemark>
      <Placemark>
        <name>Ḥamāh</name>
        <description><![CDATA[arabic: هماة<br>region: Syria<br>modern_country: Syria<br>turkish: Hama<br>longtitude: 35.133333<br>latitude: 36.75]]></description>
        <styleUrl>#icon-1899-0288D1</styleUrl>
        <ExtendedData>
          <Data name="arabic">
            <value>هماة</value>
          </Data>
          <Data name="region">
            <value>Syria</value>
          </Data>
          <Data name="modern_country">
            <value>Syria</value>
          </Data>
          <Data name="turkish">
            <value>Hama</value>
          </Data>
          <Data name="longtitude">
            <value>35.133333</value>
          </Data>
          <Data name="latitude">
            <value>36.75</value>
          </Data>
        </ExtendedData>
        <Point>
          <coordinates>
            36.75,35.133333,0
          </coordinates>
        </Point>
      </Placemark>
      <Placemark>
        <name>Ḥānī</name>
        <description><![CDATA[arabic: حانی<br>region: Jazirah<br>modern_country: Turkey<br>turkish: Hani<br>longtitude: 38.412189<br>latitude: 40.394207]]></description>
        <styleUrl>#icon-1899-097138</styleUrl>
        <ExtendedData>
          <Data name="arabic">
            <value>حانی</value>
          </Data>
          <Data name="region">
            <value>Jazirah</value>
          </Data>
          <Data name="modern_country">
            <value>Turkey</value>
          </Data>
          <Data name="turkish">
            <value>Hani</value>
          </Data>
          <Data name="longtitude">
            <value>38.412189</value>
          </Data>
          <Data name="latitude">
            <value>40.394207</value>
          </Data>
        </ExtendedData>
        <Point>
          <coordinates>
            40.394207,38.412189,0
          </coordinates>
        </Point>
      </Placemark>
      <Placemark>
        <name>Harāt</name>
        <description><![CDATA[arabic: هرات<br>region: Khurasan<br>modern_country: Afghanistan<br>turkish: Herat<br>longtitude: 34.351133<br>latitude: 62.204315]]></description>
        <styleUrl>#icon-1899-0F9D58</styleUrl>
        <ExtendedData>
          <Data name="arabic">
            <value>هرات</value>
          </Data>
          <Data name="region">
            <value>Khurasan</value>
          </Data>
          <Data name="modern_country">
            <value>Afghanistan</value>
          </Data>
          <Data name="turkish">
            <value>Herat</value>
          </Data>
          <Data name="longtitude">
            <value>34.351133</value>
          </Data>
          <Data name="latitude">
            <value>62.204315</value>
          </Data>
        </ExtendedData>
        <Point>
          <coordinates>
            62.204315,34.351133,0
          </coordinates>
        </Point>
      </Placemark>
      <Placemark>
        <name>Ḥarrān</name>
        <description><![CDATA[arabic: حرّان‎<br>region: Jazirah<br>modern_country: Turkey<br>turkish: Harran<br>longtitude: 36.864897<br>latitude: 39.032065]]></description>
        <styleUrl>#icon-1899-097138</styleUrl>
        <ExtendedData>
          <Data name="arabic">
            <value>حرّان‎</value>
          </Data>
          <Data name="region">
            <value>Jazirah</value>
          </Data>
          <Data name="modern_country">
            <value>Turkey</value>
          </Data>
          <Data name="turkish">
            <value>Harran</value>
          </Data>
          <Data name="longtitude">
            <value>36.864897</value>
          </Data>
          <Data name="latitude">
            <value>39.032065</value>
          </Data>
        </ExtendedData>
        <Point>
          <coordinates>
            39.032065,36.864897,0
          </coordinates>
        </Point>
      </Placemark>
      <Placemark>
        <name>Ḥilla</name>
        <description><![CDATA[arabic: حلّة<br>region: Iraq<br>modern_country: Iraq<br>turkish: Hille<br>longtitude: 32.482245<br>latitude: 44.432813]]></description>
        <styleUrl>#icon-1899-673AB7</styleUrl>
        <ExtendedData>
          <Data name="arabic">
            <value>حلّة</value>
          </Data>
          <Data name="region">
            <value>Iraq</value>
          </Data>
          <Data name="modern_country">
            <value>Iraq</value>
          </Data>
          <Data name="turkish">
            <value>Hille</value>
          </Data>
          <Data name="longtitude">
            <value>32.482245</value>
          </Data>
          <Data name="latitude">
            <value>44.432813</value>
          </Data>
        </ExtendedData>
        <Point>
          <coordinates>
            44.432813,32.482245,0
          </coordinates>
        </Point>
      </Placemark>
      <Placemark>
        <name>Ḥiṣn</name>
        <description><![CDATA[arabic: حصن<br>region: Jazirah<br>modern_country: Turkey<br>turkish: Hısın<br>longtitude: 37.711728<br>latitude: 41.387059]]></description>
        <styleUrl>#icon-1899-097138</styleUrl>
        <ExtendedData>
          <Data name="arabic">
            <value>حصن</value>
          </Data>
          <Data name="region">
            <value>Jazirah</value>
          </Data>
          <Data name="modern_country">
            <value>Turkey</value>
          </Data>
          <Data name="turkish">
            <value>Hısın</value>
          </Data>
          <Data name="longtitude">
            <value>37.711728</value>
          </Data>
          <Data name="latitude">
            <value>41.387059</value>
          </Data>
        </ExtendedData>
        <Point>
          <coordinates>
            41.387059,37.711728,0
          </coordinates>
        </Point>
      </Placemark>
      <Placemark>
        <name>Ḥiṣn Kayfa</name>
        <description><![CDATA[arabic: حصن کیفة<br>region: Jazirah<br>modern_country: Turkey<br>turkish: Hısın Kayfa<br>longtitude: 37.713838<br>latitude: 41.413736]]></description>
        <styleUrl>#icon-1899-097138</styleUrl>
        <ExtendedData>
          <Data name="arabic">
            <value>حصن کیفة</value>
          </Data>
          <Data name="region">
            <value>Jazirah</value>
          </Data>
          <Data name="modern_country">
            <value>Turkey</value>
          </Data>
          <Data name="turkish">
            <value>Hısın Kayfa</value>
          </Data>
          <Data name="longtitude">
            <value>37.713838</value>
          </Data>
          <Data name="latitude">
            <value>41.413736</value>
          </Data>
        </ExtendedData>
        <Point>
          <coordinates>
            41.413736,37.713838,0
          </coordinates>
        </Point>
      </Placemark>
      <Placemark>
        <name>Īg</name>
        <description><![CDATA[arabic: ایگ<br>region: Fars<br>modern_country: Iran<br>turkish: İg<br>longtitude: 29.0189489<br>latitude: 54.2449951]]></description>
        <styleUrl>#icon-1899-FF5252</styleUrl>
        <ExtendedData>
          <Data name="arabic">
            <value>ایگ</value>
          </Data>
          <Data name="region">
            <value>Fars</value>
          </Data>
          <Data name="modern_country">
            <value>Iran</value>
          </Data>
          <Data name="turkish">
            <value>İg</value>
          </Data>
          <Data name="longtitude">
            <value>29.0189489</value>
          </Data>
          <Data name="latitude">
            <value>54.2449951</value>
          </Data>
        </ExtendedData>
        <Point>
          <coordinates>
            54.2449951,29.0189489,0
          </coordinates>
        </Point>
      </Placemark>
      <Placemark>
        <name>Īrawān / Ariwān / Arīwān</name>
        <description><![CDATA[arabic: ایروان / اروان / اریوان‎<br>region: Arminiyah<br>modern_country: Armenia<br>turkish: Erivan<br>longtitude: 40.179186<br>latitude: 44.499103]]></description>
        <styleUrl>#icon-1899-9C27B0</styleUrl>
        <ExtendedData>
          <Data name="arabic">
            <value>ایروان / اروان / اریوان‎</value>
          </Data>
          <Data name="region">
            <value>Arminiyah</value>
          </Data>
          <Data name="modern_country">
            <value>Armenia</value>
          </Data>
          <Data name="turkish">
            <value>Erivan</value>
          </Data>
          <Data name="longtitude">
            <value>40.179186</value>
          </Data>
          <Data name="latitude">
            <value>44.499103</value>
          </Data>
        </ExtendedData>
        <Point>
          <coordinates>
            44.499103,40.179186,0
          </coordinates>
        </Point>
      </Placemark>
      <Placemark>
        <name>Irbil / Irbīl</name>
        <description><![CDATA[arabic: اربل / اربيل<br>region: Jazirah<br>modern_country: Iraq<br>turkish: Erbil<br>longtitude: 36.191142<br>latitude: 44.009565]]></description>
        <styleUrl>#icon-1899-097138</styleUrl>
        <ExtendedData>
          <Data name="arabic">
            <value>اربل / اربيل</value>
          </Data>
          <Data name="region">
            <value>Jazirah</value>
          </Data>
          <Data name="modern_country">
            <value>Iraq</value>
          </Data>
          <Data name="turkish">
            <value>Erbil</value>
          </Data>
          <Data name="longtitude">
            <value>36.191142</value>
          </Data>
          <Data name="latitude">
            <value>44.009565</value>
          </Data>
        </ExtendedData>
        <Point>
          <coordinates>
            44.009565,36.191142,0
          </coordinates>
        </Point>
      </Placemark>
      <Placemark>
        <name>Iṣfahān / Iṣbahān</name>
        <description><![CDATA[arabic: ازصفهان / اصبهان<br>region: Jibal<br>modern_country: Iran<br>turkish: İsfahan<br>longtitude: 32.670788<br>latitude: 51.665]]></description>
        <styleUrl>#icon-1899-006064</styleUrl>
        <ExtendedData>
          <Data name="arabic">
            <value>ازصفهان / اصبهان</value>
          </Data>
          <Data name="region">
            <value>Jibal</value>
          </Data>
          <Data name="modern_country">
            <value>Iran</value>
          </Data>
          <Data name="turkish">
            <value>İsfahan</value>
          </Data>
          <Data name="longtitude">
            <value>32.670788</value>
          </Data>
          <Data name="latitude">
            <value>51.665</value>
          </Data>
        </ExtendedData>
        <Point>
          <coordinates>
            51.665,32.670788,0
          </coordinates>
        </Point>
      </Placemark>
      <Placemark>
        <name>Isfarāyin</name>
        <description><![CDATA[arabic: اسفراین<br>region: Khurasan<br>modern_country: Iran<br>turkish: İsfareyn<br>longtitude: 37.666429<br>latitude: 57.513428]]></description>
        <styleUrl>#icon-1899-0F9D58</styleUrl>
        <ExtendedData>
          <Data name="arabic">
            <value>اسفراین</value>
          </Data>
          <Data name="region">
            <value>Khurasan</value>
          </Data>
          <Data name="modern_country">
            <value>Iran</value>
          </Data>
          <Data name="turkish">
            <value>İsfareyn</value>
          </Data>
          <Data name="longtitude">
            <value>37.666429</value>
          </Data>
          <Data name="latitude">
            <value>57.513428</value>
          </Data>
        </ExtendedData>
        <Point>
          <coordinates>
            57.513428,37.666429,0
          </coordinates>
        </Point>
      </Placemark>
      <Placemark>
        <name>Istanūs</name>
        <description><![CDATA[arabic: استنوس<br>region: Rum<br>modern_country: Turkey<br>turkish: İstanos<br>longtitude: 37.083056<br>latitude: 30.204167]]></description>
        <styleUrl>#icon-1899-817717</styleUrl>
        <ExtendedData>
          <Data name="arabic">
            <value>استنوس</value>
          </Data>
          <Data name="region">
            <value>Rum</value>
          </Data>
          <Data name="modern_country">
            <value>Turkey</value>
          </Data>
          <Data name="turkish">
            <value>İstanos</value>
          </Data>
          <Data name="longtitude">
            <value>37.083056</value>
          </Data>
          <Data name="latitude">
            <value>30.204167</value>
          </Data>
        </ExtendedData>
        <Point>
          <coordinates>
            30.204167,37.083056,0
          </coordinates>
        </Point>
      </Placemark>
      <Placemark>
        <name>Jaʿbar</name>
        <description><![CDATA[arabic: جعبر<br>region: Syria<br>modern_country: Syria<br>turkish: Ceber<br>longtitude: 35.933333<br>latitude: 38.266667]]></description>
        <styleUrl>#icon-1899-0288D1</styleUrl>
        <ExtendedData>
          <Data name="arabic">
            <value>جعبر</value>
          </Data>
          <Data name="region">
            <value>Syria</value>
          </Data>
          <Data name="modern_country">
            <value>Syria</value>
          </Data>
          <Data name="turkish">
            <value>Ceber</value>
          </Data>
          <Data name="longtitude">
            <value>35.933333</value>
          </Data>
          <Data name="latitude">
            <value>38.266667</value>
          </Data>
        </ExtendedData>
        <Point>
          <coordinates>
            38.266667,35.933333,0
          </coordinates>
        </Point>
      </Placemark>
      <Placemark>
        <name>Jājarm</name>
        <description><![CDATA[arabic: جاجرم<br>region: Khurasan<br>modern_country: Iran<br>turkish: Cacerm<br>longtitude: 36.950134<br>latitude: 56.379344]]></description>
        <styleUrl>#icon-1899-0F9D58</styleUrl>
        <ExtendedData>
          <Data name="arabic">
            <value>جاجرم</value>
          </Data>
          <Data name="region">
            <value>Khurasan</value>
          </Data>
          <Data name="modern_country">
            <value>Iran</value>
          </Data>
          <Data name="turkish">
            <value>Cacerm</value>
          </Data>
          <Data name="longtitude">
            <value>36.950134</value>
          </Data>
          <Data name="latitude">
            <value>56.379344</value>
          </Data>
        </ExtendedData>
        <Point>
          <coordinates>
            56.379344,36.950134,0
          </coordinates>
        </Point>
      </Placemark>
      <Placemark>
        <name>Jām</name>
        <description><![CDATA[arabic: جام<br>region: Khurasan<br>modern_country: Iran<br>turkish: Cam<br>longtitude: 35.4092<br>latitude: 60.498962]]></description>
        <styleUrl>#icon-1899-0F9D58</styleUrl>
        <ExtendedData>
          <Data name="arabic">
            <value>جام</value>
          </Data>
          <Data name="region">
            <value>Khurasan</value>
          </Data>
          <Data name="modern_country">
            <value>Iran</value>
          </Data>
          <Data name="turkish">
            <value>Cam</value>
          </Data>
          <Data name="longtitude">
            <value>35.4092</value>
          </Data>
          <Data name="latitude">
            <value>60.498962</value>
          </Data>
        </ExtendedData>
        <Point>
          <coordinates>
            60.498962,35.4092,0
          </coordinates>
        </Point>
      </Placemark>
      <Placemark>
        <name>Jarūn</name>
        <description><![CDATA[arabic: جرون<br>region: Kirman<br>modern_country: Iran<br>turkish: Carun<br>longtitude: 27.17708<br>latitude: 56.221848]]></description>
        <styleUrl>#icon-1899-FFD600</styleUrl>
        <ExtendedData>
          <Data name="arabic">
            <value>جرون</value>
          </Data>
          <Data name="region">
            <value>Kirman</value>
          </Data>
          <Data name="modern_country">
            <value>Iran</value>
          </Data>
          <Data name="turkish">
            <value>Carun</value>
          </Data>
          <Data name="longtitude">
            <value>27.17708</value>
          </Data>
          <Data name="latitude">
            <value>56.221848</value>
          </Data>
        </ExtendedData>
        <Point>
          <coordinates>
            56.221848,27.17708,0
          </coordinates>
        </Point>
      </Placemark>
      <Placemark>
        <name>Jawāz</name>
        <description><![CDATA[arabic: جواز + آخلاط<br>region: Arminiyah<br>modern_country: Turkey<br>turkish: Cevaz<br>longtitude: 38.809037<br>latitude: 42.747372]]></description>
        <styleUrl>#icon-1899-9C27B0</styleUrl>
        <ExtendedData>
          <Data name="arabic">
            <value>جواز + آخلاط</value>
          </Data>
          <Data name="region">
            <value>Arminiyah</value>
          </Data>
          <Data name="modern_country">
            <value>Turkey</value>
          </Data>
          <Data name="turkish">
            <value>Cevaz</value>
          </Data>
          <Data name="longtitude">
            <value>38.809037</value>
          </Data>
          <Data name="latitude">
            <value>42.747372</value>
          </Data>
        </ExtendedData>
        <Point>
          <coordinates>
            42.747372,38.809037,0
          </coordinates>
        </Point>
      </Placemark>
      <Placemark>
        <name>Jazīra / al-Jazīra</name>
        <description><![CDATA[arabic: جزیرة / الجزیرة<br>region: Iraq<br>modern_country: Iraq<br>turkish: Cezire<br>longtitude: 34.000793<br>latitude: 44.94135]]></description>
        <styleUrl>#icon-1899-673AB7</styleUrl>
        <ExtendedData>
          <Data name="arabic">
            <value>جزیرة / الجزیرة</value>
          </Data>
          <Data name="region">
            <value>Iraq</value>
          </Data>
          <Data name="modern_country">
            <value>Iraq</value>
          </Data>
          <Data name="turkish">
            <value>Cezire</value>
          </Data>
          <Data name="longtitude">
            <value>34.000793</value>
          </Data>
          <Data name="latitude">
            <value>44.94135</value>
          </Data>
        </ExtendedData>
        <Point>
          <coordinates>
            44.94135,34.000793,0
          </coordinates>
        </Point>
      </Placemark>
      <Placemark>
        <name>Junābad</name>
        <description><![CDATA[arabic: جنابد‎<br>region: Kuhistan<br>modern_country: Iran<br>turkish: Cunabad<br>longtitude: 34.353182<br>latitude: 58.678751]]></description>
        <styleUrl>#icon-1899-795548</styleUrl>
        <ExtendedData>
          <Data name="arabic">
            <value>جنابد‎</value>
          </Data>
          <Data name="region">
            <value>Kuhistan</value>
          </Data>
          <Data name="modern_country">
            <value>Iran</value>
          </Data>
          <Data name="turkish">
            <value>Cunabad</value>
          </Data>
          <Data name="longtitude">
            <value>34.353182</value>
          </Data>
          <Data name="latitude">
            <value>58.678751</value>
          </Data>
        </ExtendedData>
        <Point>
          <coordinates>
            58.678751,34.353182,0
          </coordinates>
        </Point>
      </Placemark>
      <Placemark>
        <name>Kabūdjāma</name>
        <description><![CDATA[arabic: کبودجامه<br>region: Jurjan<br>modern_country: Iran<br>turkish: Kabudcame<br>longtitude: 36.652638<br>latitude: 54.42878]]></description>
        <styleUrl>#icon-1899-880E4F</styleUrl>
        <ExtendedData>
          <Data name="arabic">
            <value>کبودجامه</value>
          </Data>
          <Data name="region">
            <value>Jurjan</value>
          </Data>
          <Data name="modern_country">
            <value>Iran</value>
          </Data>
          <Data name="turkish">
            <value>Kabudcame</value>
          </Data>
          <Data name="longtitude">
            <value>36.652638</value>
          </Data>
          <Data name="latitude">
            <value>54.42878</value>
          </Data>
        </ExtendedData>
        <Point>
          <coordinates>
            54.42878,36.652638,0
          </coordinates>
        </Point>
      </Placemark>
      <Placemark>
        <name>Kankarī / Kankar</name>
        <description><![CDATA[arabic: کنکری / کنکر<br>region: Rum<br>modern_country: Turkey<br>turkish: Kangari (Çankırı)<br>longtitude: 40.600352<br>latitude: 33.616277]]></description>
        <styleUrl>#icon-1899-817717</styleUrl>
        <ExtendedData>
          <Data name="arabic">
            <value>کنکری / کنکر</value>
          </Data>
          <Data name="region">
            <value>Rum</value>
          </Data>
          <Data name="modern_country">
            <value>Turkey</value>
          </Data>
          <Data name="turkish">
            <value>Kangari (Çankırı)</value>
          </Data>
          <Data name="longtitude">
            <value>40.600352</value>
          </Data>
          <Data name="latitude">
            <value>33.616277</value>
          </Data>
        </ExtendedData>
        <Point>
          <coordinates>
            33.616277,40.600352,0
          </coordinates>
        </Point>
      </Placemark>
      <Placemark>
        <name>Kārnī</name>
        <description><![CDATA[arabic: کارنی<br>region: Rum<br>modern_country: Turkey<br>turkish: Karni<br>longtitude: 39.625883<br>latitude: 39.220556]]></description>
        <styleUrl>#icon-1899-817717</styleUrl>
        <ExtendedData>
          <Data name="arabic">
            <value>کارنی</value>
          </Data>
          <Data name="region">
            <value>Rum</value>
          </Data>
          <Data name="modern_country">
            <value>Turkey</value>
          </Data>
          <Data name="turkish">
            <value>Karni</value>
          </Data>
          <Data name="longtitude">
            <value>39.625883</value>
          </Data>
          <Data name="latitude">
            <value>39.220556</value>
          </Data>
        </ExtendedData>
        <Point>
          <coordinates>
            39.220556,39.625883,0
          </coordinates>
        </Point>
      </Placemark>
      <Placemark>
        <name>Kāshān</name>
        <description><![CDATA[arabic: کاشان<br>region: Jibal<br>modern_country: Iran<br>turkish: Kaşan<br>longtitude: 33.989742<br>latitude: 51.428138]]></description>
        <styleUrl>#icon-1899-006064</styleUrl>
        <ExtendedData>
          <Data name="arabic">
            <value>کاشان</value>
          </Data>
          <Data name="region">
            <value>Jibal</value>
          </Data>
          <Data name="modern_country">
            <value>Iran</value>
          </Data>
          <Data name="turkish">
            <value>Kaşan</value>
          </Data>
          <Data name="longtitude">
            <value>33.989742</value>
          </Data>
          <Data name="latitude">
            <value>51.428138</value>
          </Data>
        </ExtendedData>
        <Point>
          <coordinates>
            51.428138,33.989742,0
          </coordinates>
        </Point>
      </Placemark>
      <Placemark>
        <name>Kāzirūn</name>
        <description><![CDATA[arabic: کازرون<br>region: Fars<br>modern_country: Iran<br>turkish: Kazerun<br>longtitude: 29.620206<br>latitude: 51.652273]]></description>
        <styleUrl>#icon-1899-FF5252</styleUrl>
        <ExtendedData>
          <Data name="arabic">
            <value>کازرون</value>
          </Data>
          <Data name="region">
            <value>Fars</value>
          </Data>
          <Data name="modern_country">
            <value>Iran</value>
          </Data>
          <Data name="turkish">
            <value>Kazerun</value>
          </Data>
          <Data name="longtitude">
            <value>29.620206</value>
          </Data>
          <Data name="latitude">
            <value>51.652273</value>
          </Data>
        </ExtendedData>
        <Point>
          <coordinates>
            51.652273,29.620206,0
          </coordinates>
        </Point>
      </Placemark>
      <Placemark>
        <name>Khabūshān</name>
        <description><![CDATA[arabic: خبوشان<br>region: Khurasan<br>modern_country: Turkmenistan<br>turkish: Habuşan<br>longtitude: 37.752905<br>latitude: 58.409839]]></description>
        <styleUrl>#icon-1899-0F9D58</styleUrl>
        <ExtendedData>
          <Data name="arabic">
            <value>خبوشان</value>
          </Data>
          <Data name="region">
            <value>Khurasan</value>
          </Data>
          <Data name="modern_country">
            <value>Turkmenistan</value>
          </Data>
          <Data name="turkish">
            <value>Habuşan</value>
          </Data>
          <Data name="longtitude">
            <value>37.752905</value>
          </Data>
          <Data name="latitude">
            <value>58.409839</value>
          </Data>
        </ExtendedData>
        <Point>
          <coordinates>
            58.409839,37.752905,0
          </coordinates>
        </Point>
      </Placemark>
      <Placemark>
        <name>Khanūs</name>
        <description><![CDATA[arabic: خنوس<br>region: Rum<br>modern_country: Turkey<br>turkish: Hınıs, Hanos<br>longtitude: 39.344916<br>latitude: 41.724293]]></description>
        <styleUrl>#icon-1899-817717</styleUrl>
        <ExtendedData>
          <Data name="arabic">
            <value>خنوس</value>
          </Data>
          <Data name="region">
            <value>Rum</value>
          </Data>
          <Data name="modern_country">
            <value>Turkey</value>
          </Data>
          <Data name="turkish">
            <value>Hınıs, Hanos</value>
          </Data>
          <Data name="longtitude">
            <value>39.344916</value>
          </Data>
          <Data name="latitude">
            <value>41.724293</value>
          </Data>
        </ExtendedData>
        <Point>
          <coordinates>
            41.724293,39.344916,0
          </coordinates>
        </Point>
      </Placemark>
      <Placemark>
        <name>Khartabirt / Khirbirt / Kharbūrt</name>
        <description><![CDATA[arabic: خرتبرت / خربرت / خربورت<br>region: Jazirah<br>modern_country: Turkey<br>turkish: Hırbırt<br>longtitude: 38.705762<br>latitude: 39.253902]]></description>
        <styleUrl>#icon-1899-097138</styleUrl>
        <ExtendedData>
          <Data name="arabic">
            <value>خرتبرت / خربرت / خربورت</value>
          </Data>
          <Data name="region">
            <value>Jazirah</value>
          </Data>
          <Data name="modern_country">
            <value>Turkey</value>
          </Data>
          <Data name="turkish">
            <value>Hırbırt</value>
          </Data>
          <Data name="longtitude">
            <value>38.705762</value>
          </Data>
          <Data name="latitude">
            <value>39.253902</value>
          </Data>
        </ExtendedData>
        <Point>
          <coordinates>
            39.253902,38.705762,0
          </coordinates>
        </Point>
      </Placemark>
      <Placemark>
        <name>Khilāt</name>
        <description><![CDATA[arabic: خلاط<br>region: Arminiyah<br>modern_country: Turkey<br>turkish: Halat, Ahlat<br>longtitude: 38.754338<br>latitude: 42.486357]]></description>
        <styleUrl>#icon-1899-9C27B0</styleUrl>
        <ExtendedData>
          <Data name="arabic">
            <value>خلاط</value>
          </Data>
          <Data name="region">
            <value>Arminiyah</value>
          </Data>
          <Data name="modern_country">
            <value>Turkey</value>
          </Data>
          <Data name="turkish">
            <value>Halat, Ahlat</value>
          </Data>
          <Data name="longtitude">
            <value>38.754338</value>
          </Data>
          <Data name="latitude">
            <value>42.486357</value>
          </Data>
        </ExtendedData>
        <Point>
          <coordinates>
            42.486357,38.754338,0
          </coordinates>
        </Point>
      </Placemark>
      <Placemark>
        <name>Khurāsān</name>
        <description><![CDATA[arabic: خراسان<br>region: Khurasan<br>modern_country: Iran<br>turkish: Horasan<br>longtitude: 35.259076<br>latitude: 55.931396]]></description>
        <styleUrl>#icon-1899-0F9D58</styleUrl>
        <ExtendedData>
          <Data name="arabic">
            <value>خراسان</value>
          </Data>
          <Data name="region">
            <value>Khurasan</value>
          </Data>
          <Data name="modern_country">
            <value>Iran</value>
          </Data>
          <Data name="turkish">
            <value>Horasan</value>
          </Data>
          <Data name="longtitude">
            <value>35.259076</value>
          </Data>
          <Data name="latitude">
            <value>55.931396</value>
          </Data>
        </ExtendedData>
        <Point>
          <coordinates>
            55.931396,35.259076,0
          </coordinates>
        </Point>
      </Placemark>
      <Placemark>
        <name>Khurram Ābād</name>
        <description><![CDATA[arabic: خرّم آباد<br>region: Jibal<br>modern_country: Iran<br>turkish: Hürrem abad<br>longtitude: 33.484221<br>latitude: 48.353882]]></description>
        <styleUrl>#icon-1899-006064</styleUrl>
        <ExtendedData>
          <Data name="arabic">
            <value>خرّم آباد</value>
          </Data>
          <Data name="region">
            <value>Jibal</value>
          </Data>
          <Data name="modern_country">
            <value>Iran</value>
          </Data>
          <Data name="turkish">
            <value>Hürrem abad</value>
          </Data>
          <Data name="longtitude">
            <value>33.484221</value>
          </Data>
          <Data name="latitude">
            <value>48.353882</value>
          </Data>
        </ExtendedData>
        <Point>
          <coordinates>
            48.353882,33.484221,0
          </coordinates>
        </Point>
      </Placemark>
      <Placemark>
        <name>Khurṭū / Khūrṭi</name>
        <description><![CDATA[arabic: خرطو / خورطی<br>region: Rum<br>modern_country: Turkey<br>turkish: Horto<br>longtitude: 39.387387<br>latitude: 31.360474]]></description>
        <styleUrl>#icon-1899-817717</styleUrl>
        <ExtendedData>
          <Data name="arabic">
            <value>خرطو / خورطی</value>
          </Data>
          <Data name="region">
            <value>Rum</value>
          </Data>
          <Data name="modern_country">
            <value>Turkey</value>
          </Data>
          <Data name="turkish">
            <value>Horto</value>
          </Data>
          <Data name="longtitude">
            <value>39.387387</value>
          </Data>
          <Data name="latitude">
            <value>31.360474</value>
          </Data>
        </ExtendedData>
        <Point>
          <coordinates>
            31.360474,39.387387,0
          </coordinates>
        </Point>
      </Placemark>
      <Placemark>
        <name>Khūy</name>
        <description><![CDATA[arabic: خوی<br>region: Adharbayjan<br>modern_country: Iran<br>turkish: Hoy<br>longtitude: 38.550434<br>latitude: 44.95354]]></description>
        <styleUrl>#icon-1899-C2185B</styleUrl>
        <ExtendedData>
          <Data name="arabic">
            <value>خوی</value>
          </Data>
          <Data name="region">
            <value>Adharbayjan</value>
          </Data>
          <Data name="modern_country">
            <value>Iran</value>
          </Data>
          <Data name="turkish">
            <value>Hoy</value>
          </Data>
          <Data name="longtitude">
            <value>38.550434</value>
          </Data>
          <Data name="latitude">
            <value>44.95354</value>
          </Data>
        </ExtendedData>
        <Point>
          <coordinates>
            44.95354,38.550434,0
          </coordinates>
        </Point>
      </Placemark>
      <Placemark>
        <name>Kīghī</name>
        <description><![CDATA[arabic: کیغی<br>region: Rum<br>modern_country: Turkey<br>turkish: Kiğı<br>longtitude: 39.310361<br>latitude: 40.349307]]></description>
        <styleUrl>#icon-1899-817717</styleUrl>
        <ExtendedData>
          <Data name="arabic">
            <value>کیغی</value>
          </Data>
          <Data name="region">
            <value>Rum</value>
          </Data>
          <Data name="modern_country">
            <value>Turkey</value>
          </Data>
          <Data name="turkish">
            <value>Kiğı</value>
          </Data>
          <Data name="longtitude">
            <value>39.310361</value>
          </Data>
          <Data name="latitude">
            <value>40.349307</value>
          </Data>
        </ExtendedData>
        <Point>
          <coordinates>
            40.349307,39.310361,0
          </coordinates>
        </Point>
      </Placemark>
      <Placemark>
        <name>Kirind</name>
        <description><![CDATA[arabic: کرند<br>region: Kurdistan<br>modern_country: Iran<br>turkish: Kirind<br>longtitude: 34.2807<br>latitude: 46.235471]]></description>
        <styleUrl>#icon-1899-3949AB</styleUrl>
        <ExtendedData>
          <Data name="arabic">
            <value>کرند</value>
          </Data>
          <Data name="region">
            <value>Kurdistan</value>
          </Data>
          <Data name="modern_country">
            <value>Iran</value>
          </Data>
          <Data name="turkish">
            <value>Kirind</value>
          </Data>
          <Data name="longtitude">
            <value>34.2807</value>
          </Data>
          <Data name="latitude">
            <value>46.235471</value>
          </Data>
        </ExtendedData>
        <Point>
          <coordinates>
            46.235471,34.2807,0
          </coordinates>
        </Point>
      </Placemark>
      <Placemark>
        <name>Kirmān</name>
        <description><![CDATA[arabic: کرمان<br>region: Kirman<br>modern_country: Iran<br>turkish: Kirman<br>longtitude: 30.292436<br>latitude: 57.064683]]></description>
        <styleUrl>#icon-1899-FFD600</styleUrl>
        <ExtendedData>
          <Data name="arabic">
            <value>کرمان</value>
          </Data>
          <Data name="region">
            <value>Kirman</value>
          </Data>
          <Data name="modern_country">
            <value>Iran</value>
          </Data>
          <Data name="turkish">
            <value>Kirman</value>
          </Data>
          <Data name="longtitude">
            <value>30.292436</value>
          </Data>
          <Data name="latitude">
            <value>57.064683</value>
          </Data>
        </ExtendedData>
        <Point>
          <coordinates>
            57.064683,30.292436,0
          </coordinates>
        </Point>
      </Placemark>
      <Placemark>
        <name>Kūhgīlū / Kūhgīlūya</name>
        <description><![CDATA[arabic: کوہ گیلو / کوہ گیلویة<br>region: Fars<br>modern_country: Iran<br>turkish: Kuhgiluya<br>longtitude: 30.67518<br>latitude: 50.246323]]></description>
        <styleUrl>#icon-1899-FF5252</styleUrl>
        <ExtendedData>
          <Data name="arabic">
            <value>کوہ گیلو / کوہ گیلویة</value>
          </Data>
          <Data name="region">
            <value>Fars</value>
          </Data>
          <Data name="modern_country">
            <value>Iran</value>
          </Data>
          <Data name="turkish">
            <value>Kuhgiluya</value>
          </Data>
          <Data name="longtitude">
            <value>30.67518</value>
          </Data>
          <Data name="latitude">
            <value>50.246323</value>
          </Data>
        </ExtendedData>
        <Point>
          <coordinates>
            50.246323,30.67518,0
          </coordinates>
        </Point>
      </Placemark>
      <Placemark>
        <name>Kushtaspī / Kushtāsbī</name>
        <description><![CDATA[arabic: کشتسپی / کشتاسبی‎<br>region: Shirwan<br>modern_country: Azerbaijan<br>turkish: Kuştespi<br>longtitude: 40.07519<br>latitude: 49.120528]]></description>
        <styleUrl>#icon-1899-E65100</styleUrl>
        <ExtendedData>
          <Data name="arabic">
            <value>کشتسپی / کشتاسبی‎</value>
          </Data>
          <Data name="region">
            <value>Shirwan</value>
          </Data>
          <Data name="modern_country">
            <value>Azerbaijan</value>
          </Data>
          <Data name="turkish">
            <value>Kuştespi</value>
          </Data>
          <Data name="longtitude">
            <value>40.07519</value>
          </Data>
          <Data name="latitude">
            <value>49.120528</value>
          </Data>
        </ExtendedData>
        <Point>
          <coordinates>
            49.120528,40.07519,0
          </coordinates>
        </Point>
      </Placemark>
      <Placemark>
        <name>Kūtāhya</name>
        <description><![CDATA[arabic: کوتاهیه<br>region: Rum<br>modern_country: Turkey<br>turkish: Kütahya<br>longtitude: 39.419505<br>latitude: 29.985453]]></description>
        <styleUrl>#icon-1899-817717</styleUrl>
        <ExtendedData>
          <Data name="arabic">
            <value>کوتاهیه</value>
          </Data>
          <Data name="region">
            <value>Rum</value>
          </Data>
          <Data name="modern_country">
            <value>Turkey</value>
          </Data>
          <Data name="turkish">
            <value>Kütahya</value>
          </Data>
          <Data name="longtitude">
            <value>39.419505</value>
          </Data>
          <Data name="latitude">
            <value>29.985453</value>
          </Data>
        </ExtendedData>
        <Point>
          <coordinates>
            29.985453,39.419505,0
          </coordinates>
        </Point>
      </Placemark>
      <Placemark>
        <name>Lādīq</name>
        <description><![CDATA[arabic: لادیق<br>region: Rum<br>modern_country: Turkey<br>turkish: Ladik<br>longtitude: 37.771517<br>latitude: 29.086313]]></description>
        <styleUrl>#icon-1899-817717</styleUrl>
        <ExtendedData>
          <Data name="arabic">
            <value>لادیق</value>
          </Data>
          <Data name="region">
            <value>Rum</value>
          </Data>
          <Data name="modern_country">
            <value>Turkey</value>
          </Data>
          <Data name="turkish">
            <value>Ladik</value>
          </Data>
          <Data name="longtitude">
            <value>37.771517</value>
          </Data>
          <Data name="latitude">
            <value>29.086313</value>
          </Data>
        </ExtendedData>
        <Point>
          <coordinates>
            29.086313,37.771517,0
          </coordinates>
        </Point>
      </Placemark>
      <Placemark>
        <name>Lāhijān / Lāhījān</name>
        <description><![CDATA[arabic: لاهجان / لاهیجان<br>region: Gilan<br>modern_country: Iran<br>turkish: Lahican<br>longtitude: 37.206133<br>latitude: 50.001274]]></description>
        <styleUrl>#icon-1899-0097A7</styleUrl>
        <ExtendedData>
          <Data name="arabic">
            <value>لاهجان / لاهیجان</value>
          </Data>
          <Data name="region">
            <value>Gilan</value>
          </Data>
          <Data name="modern_country">
            <value>Iran</value>
          </Data>
          <Data name="turkish">
            <value>Lahican</value>
          </Data>
          <Data name="longtitude">
            <value>37.206133</value>
          </Data>
          <Data name="latitude">
            <value>50.001274</value>
          </Data>
        </ExtendedData>
        <Point>
          <coordinates>
            50.001274,37.206133,0
          </coordinates>
        </Point>
      </Placemark>
      <Placemark>
        <name>Lāranda</name>
        <description><![CDATA[arabic: لارندة<br>region: Rum<br>modern_country: Turkey<br>turkish: Larende<br>longtitude: 37.200215<br>latitude: 33.218065]]></description>
        <styleUrl>#icon-1899-817717</styleUrl>
        <ExtendedData>
          <Data name="arabic">
            <value>لارندة</value>
          </Data>
          <Data name="region">
            <value>Rum</value>
          </Data>
          <Data name="modern_country">
            <value>Turkey</value>
          </Data>
          <Data name="turkish">
            <value>Larende</value>
          </Data>
          <Data name="longtitude">
            <value>37.200215</value>
          </Data>
          <Data name="latitude">
            <value>33.218065</value>
          </Data>
        </ExtendedData>
        <Point>
          <coordinates>
            33.218065,37.200215,0
          </coordinates>
        </Point>
      </Placemark>
      <Placemark>
        <name>Līlān (Laylān)</name>
        <description><![CDATA[arabic: لیلان<br>region: Iraq<br>modern_country: Iraq<br>turkish: Lilan<br>longtitude: 35.313287<br>latitude: 44.513061]]></description>
        <styleUrl>#icon-1899-673AB7</styleUrl>
        <ExtendedData>
          <Data name="arabic">
            <value>لیلان</value>
          </Data>
          <Data name="region">
            <value>Iraq</value>
          </Data>
          <Data name="modern_country">
            <value>Iraq</value>
          </Data>
          <Data name="turkish">
            <value>Lilan</value>
          </Data>
          <Data name="longtitude">
            <value>35.313287</value>
          </Data>
          <Data name="latitude">
            <value>44.513061</value>
          </Data>
        </ExtendedData>
        <Point>
          <coordinates>
            44.513061,35.313287,0
          </coordinates>
        </Point>
      </Placemark>
      <Placemark>
        <name><![CDATA[Lu'lu'a]]></name>
        <description><![CDATA[arabic: لؤلؤة<br>region: Rum<br>modern_country: Turkey<br>turkish: Lulu<br>longtitude: 37.357059<br>latitude: 35.257927]]></description>
        <styleUrl>#icon-1899-817717</styleUrl>
        <ExtendedData>
          <Data name="arabic">
            <value>لؤلؤة</value>
          </Data>
          <Data name="region">
            <value>Rum</value>
          </Data>
          <Data name="modern_country">
            <value>Turkey</value>
          </Data>
          <Data name="turkish">
            <value>Lulu</value>
          </Data>
          <Data name="longtitude">
            <value>37.357059</value>
          </Data>
          <Data name="latitude">
            <value>35.257927</value>
          </Data>
        </ExtendedData>
        <Point>
          <coordinates>
            35.257927,37.357059,0
          </coordinates>
        </Point>
      </Placemark>
      <Placemark>
        <name>Lūr Buzurk / Lur Buzurk</name>
        <description><![CDATA[arabic: لور بزرك / لربزرك<br>region: Khuzistan<br>modern_country: Iran<br>turkish: Lur Buzurg<br>longtitude: 31.259785<br>latitude: 49.702175]]></description>
        <styleUrl>#icon-1899-AFB42B</styleUrl>
        <ExtendedData>
          <Data name="arabic">
            <value>لور بزرك / لربزرك</value>
          </Data>
          <Data name="region">
            <value>Khuzistan</value>
          </Data>
          <Data name="modern_country">
            <value>Iran</value>
          </Data>
          <Data name="turkish">
            <value>Lur Buzurg</value>
          </Data>
          <Data name="longtitude">
            <value>31.259785</value>
          </Data>
          <Data name="latitude">
            <value>49.702175</value>
          </Data>
        </ExtendedData>
        <Point>
          <coordinates>
            49.702175,31.259785,0
          </coordinates>
        </Point>
      </Placemark>
      <Placemark>
        <name>Lūr Kūchīk / Lur Kūchīk</name>
        <description><![CDATA[arabic: لورکوچیك / لر کوچیك<br>region: Jibal<br>modern_country: Iran<br>turkish: Lur Küçük<br>longtitude: 33.903541<br>latitude: 48.3316]]></description>
        <styleUrl>#icon-1899-006064</styleUrl>
        <ExtendedData>
          <Data name="arabic">
            <value>لورکوچیك / لر کوچیك</value>
          </Data>
          <Data name="region">
            <value>Jibal</value>
          </Data>
          <Data name="modern_country">
            <value>Iran</value>
          </Data>
          <Data name="turkish">
            <value>Lur Küçük</value>
          </Data>
          <Data name="longtitude">
            <value>33.903541</value>
          </Data>
          <Data name="latitude">
            <value>48.3316</value>
          </Data>
        </ExtendedData>
        <Point>
          <coordinates>
            48.3316,33.903541,0
          </coordinates>
        </Point>
      </Placemark>
      <Placemark>
        <name>Lūrdijān / Lurdijān</name>
        <description><![CDATA[arabic: لوردجان / لردجان<br>region: Khuzistan<br>modern_country: Iran<br>turkish: Lurdican<br>longtitude: 31.517093<br>latitude: 50.815544]]></description>
        <styleUrl>#icon-1899-AFB42B</styleUrl>
        <ExtendedData>
          <Data name="arabic">
            <value>لوردجان / لردجان</value>
          </Data>
          <Data name="region">
            <value>Khuzistan</value>
          </Data>
          <Data name="modern_country">
            <value>Iran</value>
          </Data>
          <Data name="turkish">
            <value>Lurdican</value>
          </Data>
          <Data name="longtitude">
            <value>31.517093</value>
          </Data>
          <Data name="latitude">
            <value>50.815544</value>
          </Data>
        </ExtendedData>
        <Point>
          <coordinates>
            50.815544,31.517093,0
          </coordinates>
        </Point>
      </Placemark>
      <Placemark>
        <name>Lurwand</name>
        <description><![CDATA[arabic: لروند<br>region: Jibal<br>modern_country: Iran<br>turkish: Lurvend<br>longtitude: 33.351697<br>latitude: 49.071427]]></description>
        <styleUrl>#icon-1899-006064</styleUrl>
        <ExtendedData>
          <Data name="arabic">
            <value>لروند</value>
          </Data>
          <Data name="region">
            <value>Jibal</value>
          </Data>
          <Data name="modern_country">
            <value>Iran</value>
          </Data>
          <Data name="turkish">
            <value>Lurvend</value>
          </Data>
          <Data name="longtitude">
            <value>33.351697</value>
          </Data>
          <Data name="latitude">
            <value>49.071427</value>
          </Data>
        </ExtendedData>
        <Point>
          <coordinates>
            49.071427,33.351697,0
          </coordinates>
        </Point>
      </Placemark>
      <Placemark>
        <name>M-shahr</name>
        <description><![CDATA[arabic: مشهر<br>region: Rum<br>modern_country: Turkey<br>turkish: M-şehir<br>longtitude: 37.594648<br>latitude: 31.625519]]></description>
        <styleUrl>#icon-1899-817717</styleUrl>
        <ExtendedData>
          <Data name="arabic">
            <value>مشهر</value>
          </Data>
          <Data name="region">
            <value>Rum</value>
          </Data>
          <Data name="modern_country">
            <value>Turkey</value>
          </Data>
          <Data name="turkish">
            <value>M-şehir</value>
          </Data>
          <Data name="longtitude">
            <value>37.594648</value>
          </Data>
          <Data name="latitude">
            <value>31.625519</value>
          </Data>
        </ExtendedData>
        <Point>
          <coordinates>
            31.625519,37.594648,0
          </coordinates>
        </Point>
      </Placemark>
      <Placemark>
        <name>Madāīn</name>
        <description><![CDATA[arabic: مادائن<br>region: Iraq<br>modern_country: Iraq<br>turkish: Madain<br>longtitude: 33.100098<br>latitude: 44.582949]]></description>
        <styleUrl>#icon-1899-673AB7</styleUrl>
        <ExtendedData>
          <Data name="arabic">
            <value>مادائن</value>
          </Data>
          <Data name="region">
            <value>Iraq</value>
          </Data>
          <Data name="modern_country">
            <value>Iraq</value>
          </Data>
          <Data name="turkish">
            <value>Madain</value>
          </Data>
          <Data name="longtitude">
            <value>33.100098</value>
          </Data>
          <Data name="latitude">
            <value>44.582949</value>
          </Data>
        </ExtendedData>
        <Point>
          <coordinates>
            44.582949,33.100098,0
          </coordinates>
        </Point>
      </Placemark>
      <Placemark>
        <name>Malāṭya</name>
        <description><![CDATA[arabic: ملاطیة‎<br>region: Jazirah<br>modern_country: Turkey<br>turkish: Malatya<br>longtitude: 38.350261<br>latitude: 38.309269]]></description>
        <styleUrl>#icon-1899-097138</styleUrl>
        <ExtendedData>
          <Data name="arabic">
            <value>ملاطیة‎</value>
          </Data>
          <Data name="region">
            <value>Jazirah</value>
          </Data>
          <Data name="modern_country">
            <value>Turkey</value>
          </Data>
          <Data name="turkish">
            <value>Malatya</value>
          </Data>
          <Data name="longtitude">
            <value>38.350261</value>
          </Data>
          <Data name="latitude">
            <value>38.309269</value>
          </Data>
        </ExtendedData>
        <Point>
          <coordinates>
            38.309269,38.350261,0
          </coordinates>
        </Point>
      </Placemark>
      <Placemark>
        <name>Manādhir</name>
        <description><![CDATA[arabic: مناذر<br>region: Iraq<br>modern_country: Iraq<br>turkish: Menazır<br>longtitude: 31.118794<br>latitude: 47.644947]]></description>
        <styleUrl>#icon-1899-673AB7</styleUrl>
        <ExtendedData>
          <Data name="arabic">
            <value>مناذر</value>
          </Data>
          <Data name="region">
            <value>Iraq</value>
          </Data>
          <Data name="modern_country">
            <value>Iraq</value>
          </Data>
          <Data name="turkish">
            <value>Menazır</value>
          </Data>
          <Data name="longtitude">
            <value>31.118794</value>
          </Data>
          <Data name="latitude">
            <value>47.644947</value>
          </Data>
        </ExtendedData>
        <Point>
          <coordinates>
            47.644947,31.118794,0
          </coordinates>
        </Point>
      </Placemark>
      <Placemark>
        <name>Manawghat</name>
        <description><![CDATA[arabic: منوغات<br>region: Rum<br>modern_country: Turkey<br>turkish: Manavgat<br>longtitude: 36.800412<br>latitude: 31.430823]]></description>
        <styleUrl>#icon-1899-817717</styleUrl>
        <ExtendedData>
          <Data name="arabic">
            <value>منوغات</value>
          </Data>
          <Data name="region">
            <value>Rum</value>
          </Data>
          <Data name="modern_country">
            <value>Turkey</value>
          </Data>
          <Data name="turkish">
            <value>Manavgat</value>
          </Data>
          <Data name="longtitude">
            <value>36.800412</value>
          </Data>
          <Data name="latitude">
            <value>31.430823</value>
          </Data>
        </ExtendedData>
        <Point>
          <coordinates>
            31.430823,36.800412,0
          </coordinates>
        </Point>
      </Placemark>
      <Placemark>
        <name>Manṣūrīya</name>
        <description><![CDATA[arabic: منصوریّة<br>region: Iraq<br>modern_country: Iraq<br>turkish: Mansuriye<br>longtitude: 34.248136<br>latitude: 42.74231]]></description>
        <styleUrl>#icon-1899-673AB7</styleUrl>
        <ExtendedData>
          <Data name="arabic">
            <value>منصوریّة</value>
          </Data>
          <Data name="region">
            <value>Iraq</value>
          </Data>
          <Data name="modern_country">
            <value>Iraq</value>
          </Data>
          <Data name="turkish">
            <value>Mansuriye</value>
          </Data>
          <Data name="longtitude">
            <value>34.248136</value>
          </Data>
          <Data name="latitude">
            <value>42.74231</value>
          </Data>
        </ExtendedData>
        <Point>
          <coordinates>
            42.74231,34.248136,0
          </coordinates>
        </Point>
      </Placemark>
      <Placemark>
        <name>Marāgha</name>
        <description><![CDATA[arabic: مراغة<br>region: Adharbayjan<br>modern_country: Iran<br>turkish: Meraga<br>longtitude: 37.3916705<br>latitude: 46.2397524]]></description>
        <styleUrl>#icon-1899-C2185B</styleUrl>
        <ExtendedData>
          <Data name="arabic">
            <value>مراغة</value>
          </Data>
          <Data name="region">
            <value>Adharbayjan</value>
          </Data>
          <Data name="modern_country">
            <value>Iran</value>
          </Data>
          <Data name="turkish">
            <value>Meraga</value>
          </Data>
          <Data name="longtitude">
            <value>37.3916705</value>
          </Data>
          <Data name="latitude">
            <value>46.2397524</value>
          </Data>
        </ExtendedData>
        <Point>
          <coordinates>
            46.2397524,37.3916705,0
          </coordinates>
        </Point>
      </Placemark>
      <Placemark>
        <name>Marʿash</name>
        <description><![CDATA[arabic: مرعش<br>region: Rum<br>modern_country: Turkey<br>turkish: Maraş<br>longtitude: 37.587084<br>latitude: 36.903413]]></description>
        <styleUrl>#icon-1899-817717</styleUrl>
        <ExtendedData>
          <Data name="arabic">
            <value>مرعش</value>
          </Data>
          <Data name="region">
            <value>Rum</value>
          </Data>
          <Data name="modern_country">
            <value>Turkey</value>
          </Data>
          <Data name="turkish">
            <value>Maraş</value>
          </Data>
          <Data name="longtitude">
            <value>37.587084</value>
          </Data>
          <Data name="latitude">
            <value>36.903413</value>
          </Data>
        </ExtendedData>
        <Point>
          <coordinates>
            36.903413,37.587084,0
          </coordinates>
        </Point>
      </Placemark>
      <Placemark>
        <name>Mārdīn</name>
        <description><![CDATA[arabic: ماردین‎<br>region: Jazirah<br>modern_country: Turkey<br>turkish: Mardin<br>longtitude: 37.326634<br>latitude: 40.725151]]></description>
        <styleUrl>#icon-1899-097138</styleUrl>
        <ExtendedData>
          <Data name="arabic">
            <value>ماردین‎</value>
          </Data>
          <Data name="region">
            <value>Jazirah</value>
          </Data>
          <Data name="modern_country">
            <value>Turkey</value>
          </Data>
          <Data name="turkish">
            <value>Mardin</value>
          </Data>
          <Data name="longtitude">
            <value>37.326634</value>
          </Data>
          <Data name="latitude">
            <value>40.725151</value>
          </Data>
        </ExtendedData>
        <Point>
          <coordinates>
            40.725151,37.326634,0
          </coordinates>
        </Point>
      </Placemark>
      <Placemark>
        <name>Marw</name>
        <description><![CDATA[arabic: مرو<br>region: Khurasan<br>modern_country: Turkmenistan<br>turkish: Merv<br>longtitude: 37.604695<br>latitude: 61.84629]]></description>
        <styleUrl>#icon-1899-0F9D58</styleUrl>
        <ExtendedData>
          <Data name="arabic">
            <value>مرو</value>
          </Data>
          <Data name="region">
            <value>Khurasan</value>
          </Data>
          <Data name="modern_country">
            <value>Turkmenistan</value>
          </Data>
          <Data name="turkish">
            <value>Merv</value>
          </Data>
          <Data name="longtitude">
            <value>37.604695</value>
          </Data>
          <Data name="latitude">
            <value>61.84629</value>
          </Data>
        </ExtendedData>
        <Point>
          <coordinates>
            61.84629,37.604695,0
          </coordinates>
        </Point>
      </Placemark>
      <Placemark>
        <name>Mawṣil / al-Mawṣil</name>
        <description><![CDATA[arabic: موصل / الموصل‎<br>region: Jazirah<br>modern_country: Iraq<br>turkish: Musul<br>longtitude: 36.335<br>latitude: 43.118889]]></description>
        <styleUrl>#icon-1899-097138</styleUrl>
        <ExtendedData>
          <Data name="arabic">
            <value>موصل / الموصل‎</value>
          </Data>
          <Data name="region">
            <value>Jazirah</value>
          </Data>
          <Data name="modern_country">
            <value>Iraq</value>
          </Data>
          <Data name="turkish">
            <value>Musul</value>
          </Data>
          <Data name="longtitude">
            <value>36.335</value>
          </Data>
          <Data name="latitude">
            <value>43.118889</value>
          </Data>
        </ExtendedData>
        <Point>
          <coordinates>
            43.118889,36.335,0
          </coordinates>
        </Point>
      </Placemark>
      <Placemark>
        <name>Mayāb</name>
        <description><![CDATA[arabic: میاب<br>region: Adharbayjan<br>modern_country: Iran<br>turkish: Mayab<br>longtitude: 38.896377<br>latitude: 45.726471]]></description>
        <styleUrl>#icon-1899-C2185B</styleUrl>
        <ExtendedData>
          <Data name="arabic">
            <value>میاب</value>
          </Data>
          <Data name="region">
            <value>Adharbayjan</value>
          </Data>
          <Data name="modern_country">
            <value>Iran</value>
          </Data>
          <Data name="turkish">
            <value>Mayab</value>
          </Data>
          <Data name="longtitude">
            <value>38.896377</value>
          </Data>
          <Data name="latitude">
            <value>45.726471</value>
          </Data>
        </ExtendedData>
        <Point>
          <coordinates>
            45.726471,38.896377,0
          </coordinates>
        </Point>
      </Placemark>
      <Placemark>
        <name>Mayyāfāriqīn</name>
        <description><![CDATA[arabic: میّافارقین<br>region: Jazirah<br>modern_country: Turkey<br>turkish: Meyyafarikin<br>longtitude: 38.141225<br>latitude: 41.012807]]></description>
        <styleUrl>#icon-1899-097138</styleUrl>
        <ExtendedData>
          <Data name="arabic">
            <value>میّافارقین</value>
          </Data>
          <Data name="region">
            <value>Jazirah</value>
          </Data>
          <Data name="modern_country">
            <value>Turkey</value>
          </Data>
          <Data name="turkish">
            <value>Meyyafarikin</value>
          </Data>
          <Data name="longtitude">
            <value>38.141225</value>
          </Data>
          <Data name="latitude">
            <value>41.012807</value>
          </Data>
        </ExtendedData>
        <Point>
          <coordinates>
            41.012807,38.141225,0
          </coordinates>
        </Point>
      </Placemark>
      <Placemark>
        <name>Māzkird</name>
        <description><![CDATA[arabic: مازکرد<br>region: Rum<br>modern_country: Turkey<br>turkish: Mazgird<br>longtitude: 39.018517<br>latitude: 39.60537]]></description>
        <styleUrl>#icon-1899-817717</styleUrl>
        <ExtendedData>
          <Data name="arabic">
            <value>مازکرد</value>
          </Data>
          <Data name="region">
            <value>Rum</value>
          </Data>
          <Data name="modern_country">
            <value>Turkey</value>
          </Data>
          <Data name="turkish">
            <value>Mazgird</value>
          </Data>
          <Data name="longtitude">
            <value>39.018517</value>
          </Data>
          <Data name="latitude">
            <value>39.60537</value>
          </Data>
        </ExtendedData>
        <Point>
          <coordinates>
            39.60537,39.018517,0
          </coordinates>
        </Point>
      </Placemark>
      <Placemark>
        <name>Mūsh</name>
        <description><![CDATA[arabic: موش‎<br>region: Jazirah<br>modern_country: Turkey<br>turkish: Muş<br>longtitude: 38.747307<br>latitude: 41.504412]]></description>
        <styleUrl>#icon-1899-097138</styleUrl>
        <ExtendedData>
          <Data name="arabic">
            <value>موش‎</value>
          </Data>
          <Data name="region">
            <value>Jazirah</value>
          </Data>
          <Data name="modern_country">
            <value>Turkey</value>
          </Data>
          <Data name="turkish">
            <value>Muş</value>
          </Data>
          <Data name="longtitude">
            <value>38.747307</value>
          </Data>
          <Data name="latitude">
            <value>41.504412</value>
          </Data>
        </ExtendedData>
        <Point>
          <coordinates>
            41.504412,38.747307,0
          </coordinates>
        </Point>
      </Placemark>
      <Placemark>
        <name>Mūṭ</name>
        <description><![CDATA[arabic: موط<br>region: Rum<br>modern_country: Turkey<br>turkish: Mut<br>longtitude: 36.643451<br>latitude: 33.438188]]></description>
        <styleUrl>#icon-1899-817717</styleUrl>
        <ExtendedData>
          <Data name="arabic">
            <value>موط</value>
          </Data>
          <Data name="region">
            <value>Rum</value>
          </Data>
          <Data name="modern_country">
            <value>Turkey</value>
          </Data>
          <Data name="turkish">
            <value>Mut</value>
          </Data>
          <Data name="longtitude">
            <value>36.643451</value>
          </Data>
          <Data name="latitude">
            <value>33.438188</value>
          </Data>
        </ExtendedData>
        <Point>
          <coordinates>
            33.438188,36.643451,0
          </coordinates>
        </Point>
      </Placemark>
      <Placemark>
        <name>Nakhjawān</name>
        <description><![CDATA[arabic: نخجوان<br>region: Adharbayjan<br>modern_country: Azerbaijan<br>turkish: Nahcivan<br>longtitude: 39.206719<br>latitude: 45.408039]]></description>
        <styleUrl>#icon-1899-C2185B</styleUrl>
        <ExtendedData>
          <Data name="arabic">
            <value>نخجوان</value>
          </Data>
          <Data name="region">
            <value>Adharbayjan</value>
          </Data>
          <Data name="modern_country">
            <value>Azerbaijan</value>
          </Data>
          <Data name="turkish">
            <value>Nahcivan</value>
          </Data>
          <Data name="longtitude">
            <value>39.206719</value>
          </Data>
          <Data name="latitude">
            <value>45.408039</value>
          </Data>
        </ExtendedData>
        <Point>
          <coordinates>
            45.408039,39.206719,0
          </coordinates>
        </Point>
      </Placemark>
      <Placemark>
        <name>Nakīda</name>
        <description><![CDATA[arabic: نکیدہ<br>region: Rum<br>modern_country: Turkey<br>turkish: Niğde<br>longtitude: 37.971208<br>latitude: 34.677553]]></description>
        <styleUrl>#icon-1899-817717</styleUrl>
        <ExtendedData>
          <Data name="arabic">
            <value>نکیدہ</value>
          </Data>
          <Data name="region">
            <value>Rum</value>
          </Data>
          <Data name="modern_country">
            <value>Turkey</value>
          </Data>
          <Data name="turkish">
            <value>Niğde</value>
          </Data>
          <Data name="longtitude">
            <value>37.971208</value>
          </Data>
          <Data name="latitude">
            <value>34.677553</value>
          </Data>
        </ExtendedData>
        <Point>
          <coordinates>
            34.677553,37.971208,0
          </coordinates>
        </Point>
      </Placemark>
      <Placemark>
        <name>Nawbinjān</name>
        <description><![CDATA[arabic: نوبنجان<br>region: Fars<br>modern_country: Iran<br>turkish: Nobincan<br>longtitude: 31.121247<br>latitude: 50.683588]]></description>
        <styleUrl>#icon-1899-FF5252</styleUrl>
        <ExtendedData>
          <Data name="arabic">
            <value>نوبنجان</value>
          </Data>
          <Data name="region">
            <value>Fars</value>
          </Data>
          <Data name="modern_country">
            <value>Iran</value>
          </Data>
          <Data name="turkish">
            <value>Nobincan</value>
          </Data>
          <Data name="longtitude">
            <value>31.121247</value>
          </Data>
          <Data name="latitude">
            <value>50.683588</value>
          </Data>
        </ExtendedData>
        <Point>
          <coordinates>
            50.683588,31.121247,0
          </coordinates>
        </Point>
      </Placemark>
      <Placemark>
        <name>Nawshahr</name>
        <description><![CDATA[arabic: نوشهر<br>region: Arminiyah<br>modern_country: Turkey<br>turkish: Nevşehir<br>longtitude: 38.962612<br>latitude: 43.882141]]></description>
        <styleUrl>#icon-1899-9C27B0</styleUrl>
        <ExtendedData>
          <Data name="arabic">
            <value>نوشهر</value>
          </Data>
          <Data name="region">
            <value>Arminiyah</value>
          </Data>
          <Data name="modern_country">
            <value>Turkey</value>
          </Data>
          <Data name="turkish">
            <value>Nevşehir</value>
          </Data>
          <Data name="longtitude">
            <value>38.962612</value>
          </Data>
          <Data name="latitude">
            <value>43.882141</value>
          </Data>
        </ExtendedData>
        <Point>
          <coordinates>
            43.882141,38.962612,0
          </coordinates>
        </Point>
      </Placemark>
      <Placemark>
        <name>Nayrīz</name>
        <description><![CDATA[arabic: نیریز<br>region: Fars<br>modern_country: Iran<br>turkish: Nayriz<br>longtitude: 29.189709<br>latitude: 54.314003]]></description>
        <styleUrl>#icon-1899-FF5252</styleUrl>
        <ExtendedData>
          <Data name="arabic">
            <value>نیریز</value>
          </Data>
          <Data name="region">
            <value>Fars</value>
          </Data>
          <Data name="modern_country">
            <value>Iran</value>
          </Data>
          <Data name="turkish">
            <value>Nayriz</value>
          </Data>
          <Data name="longtitude">
            <value>29.189709</value>
          </Data>
          <Data name="latitude">
            <value>54.314003</value>
          </Data>
        </ExtendedData>
        <Point>
          <coordinates>
            54.314003,29.189709,0
          </coordinates>
        </Point>
      </Placemark>
      <Placemark>
        <name>Nidir / Nādir</name>
        <description><![CDATA[arabic: ندر / نادر<br>region: Rum<br>modern_country: Turkey<br>turkish: Nidir<br>longtitude: 38.837568<br>latitude: 31.061096]]></description>
        <styleUrl>#icon-1899-817717</styleUrl>
        <ExtendedData>
          <Data name="arabic">
            <value>ندر / نادر</value>
          </Data>
          <Data name="region">
            <value>Rum</value>
          </Data>
          <Data name="modern_country">
            <value>Turkey</value>
          </Data>
          <Data name="turkish">
            <value>Nidir</value>
          </Data>
          <Data name="longtitude">
            <value>38.837568</value>
          </Data>
          <Data name="latitude">
            <value>31.061096</value>
          </Data>
        </ExtendedData>
        <Point>
          <coordinates>
            31.061096,38.837568,0
          </coordinates>
        </Point>
      </Placemark>
      <Placemark>
        <name>Nikthār / Nīksār</name>
        <description><![CDATA[arabic: نکثار / نیکسار<br>region: Rum<br>modern_country: Turkey<br>turkish: Niksar<br>longtitude: 40.591916<br>latitude: 36.945472]]></description>
        <styleUrl>#icon-1899-817717</styleUrl>
        <ExtendedData>
          <Data name="arabic">
            <value>نکثار / نیکسار</value>
          </Data>
          <Data name="region">
            <value>Rum</value>
          </Data>
          <Data name="modern_country">
            <value>Turkey</value>
          </Data>
          <Data name="turkish">
            <value>Niksar</value>
          </Data>
          <Data name="longtitude">
            <value>40.591916</value>
          </Data>
          <Data name="latitude">
            <value>36.945472</value>
          </Data>
        </ExtendedData>
        <Point>
          <coordinates>
            36.945472,40.591916,0
          </coordinates>
        </Point>
      </Placemark>
      <Placemark>
        <name>Nīsā</name>
        <description><![CDATA[arabic: نیسا<br>region: Khurasan<br>modern_country: Turkmenistan<br>turkish: Nisa<br>longtitude: 37.970577<br>latitude: 58.217772]]></description>
        <styleUrl>#icon-1899-0F9D58</styleUrl>
        <ExtendedData>
          <Data name="arabic">
            <value>نیسا</value>
          </Data>
          <Data name="region">
            <value>Khurasan</value>
          </Data>
          <Data name="modern_country">
            <value>Turkmenistan</value>
          </Data>
          <Data name="turkish">
            <value>Nisa</value>
          </Data>
          <Data name="longtitude">
            <value>37.970577</value>
          </Data>
          <Data name="latitude">
            <value>58.217772</value>
          </Data>
        </ExtendedData>
        <Point>
          <coordinates>
            58.217772,37.970577,0
          </coordinates>
        </Point>
      </Placemark>
      <Placemark>
        <name>Nīshābūr</name>
        <description><![CDATA[arabic: نیشابور<br>region: Khurasan<br>modern_country: Iran<br>turkish: Nişabur<br>longtitude: 36.209834<br>latitude: 58.792768]]></description>
        <styleUrl>#icon-1899-0F9D58</styleUrl>
        <ExtendedData>
          <Data name="arabic">
            <value>نیشابور</value>
          </Data>
          <Data name="region">
            <value>Khurasan</value>
          </Data>
          <Data name="modern_country">
            <value>Iran</value>
          </Data>
          <Data name="turkish">
            <value>Nişabur</value>
          </Data>
          <Data name="longtitude">
            <value>36.209834</value>
          </Data>
          <Data name="latitude">
            <value>58.792768</value>
          </Data>
        </ExtendedData>
        <Point>
          <coordinates>
            58.792768,36.209834,0
          </coordinates>
        </Point>
      </Placemark>
      <Placemark>
        <name>Ojān</name>
        <description><![CDATA[arabic: اوجان<br>region: Adharbayjan<br>modern_country: Iran<br>turkish: Ucan<br>longtitude: 37.842445<br>latitude: 46.830907]]></description>
        <styleUrl>#icon-1899-C2185B</styleUrl>
        <ExtendedData>
          <Data name="arabic">
            <value>اوجان</value>
          </Data>
          <Data name="region">
            <value>Adharbayjan</value>
          </Data>
          <Data name="modern_country">
            <value>Iran</value>
          </Data>
          <Data name="turkish">
            <value>Ucan</value>
          </Data>
          <Data name="longtitude">
            <value>37.842445</value>
          </Data>
          <Data name="latitude">
            <value>46.830907</value>
          </Data>
        </ExtendedData>
        <Point>
          <coordinates>
            46.830907,37.842445,0
          </coordinates>
        </Point>
      </Placemark>
      <Placemark>
        <name>Paswa</name>
        <description><![CDATA[arabic: پسوہ<br>region: Adharbayjan<br>modern_country: Iran<br>turkish: Pasve<br>longtitude: 36.81247<br>latitude: 45.597668]]></description>
        <styleUrl>#icon-1899-C2185B</styleUrl>
        <ExtendedData>
          <Data name="arabic">
            <value>پسوہ</value>
          </Data>
          <Data name="region">
            <value>Adharbayjan</value>
          </Data>
          <Data name="modern_country">
            <value>Iran</value>
          </Data>
          <Data name="turkish">
            <value>Pasve</value>
          </Data>
          <Data name="longtitude">
            <value>36.81247</value>
          </Data>
          <Data name="latitude">
            <value>45.597668</value>
          </Data>
        </ExtendedData>
        <Point>
          <coordinates>
            45.597668,36.81247,0
          </coordinates>
        </Point>
      </Placemark>
      <Placemark>
        <name>Pul-i Āras</name>
        <description><![CDATA[arabic: پل آرس<br>region: Adharbayjan<br>modern_country: Azerbaijan<br>turkish: Pul-i Aras<br>longtitude: 39.260535<br>latitude: 45.447341]]></description>
        <styleUrl>#icon-1899-C2185B</styleUrl>
        <ExtendedData>
          <Data name="arabic">
            <value>پل آرس</value>
          </Data>
          <Data name="region">
            <value>Adharbayjan</value>
          </Data>
          <Data name="modern_country">
            <value>Azerbaijan</value>
          </Data>
          <Data name="turkish">
            <value>Pul-i Aras</value>
          </Data>
          <Data name="longtitude">
            <value>39.260535</value>
          </Data>
          <Data name="latitude">
            <value>45.447341</value>
          </Data>
        </ExtendedData>
        <Point>
          <coordinates>
            45.447341,39.260535,0
          </coordinates>
        </Point>
      </Placemark>
      <Placemark>
        <name>Qara Āghāch</name>
        <description><![CDATA[arabic: قرآغاچ / قرہ آغاچ‎<br>region: Arminiyah<br>modern_country: Georgia<br>turkish: Karaağaç<br>longtitude: 41.306698<br>latitude: 45.889893]]></description>
        <styleUrl>#icon-1899-9C27B0</styleUrl>
        <ExtendedData>
          <Data name="arabic">
            <value>قرآغاچ / قرہ آغاچ‎</value>
          </Data>
          <Data name="region">
            <value>Arminiyah</value>
          </Data>
          <Data name="modern_country">
            <value>Georgia</value>
          </Data>
          <Data name="turkish">
            <value>Karaağaç</value>
          </Data>
          <Data name="longtitude">
            <value>41.306698</value>
          </Data>
          <Data name="latitude">
            <value>45.889893</value>
          </Data>
        </ExtendedData>
        <Point>
          <coordinates>
            45.889893,41.306698,0
          </coordinates>
        </Point>
      </Placemark>
      <Placemark>
        <name>Qara Āghāch</name>
        <description><![CDATA[arabic: قرآغاچ<br>region: Rum<br>modern_country: Turkey<br>turkish: Karaağaç<br>longtitude: 37.146087<br>latitude: 30.936127]]></description>
        <styleUrl>#icon-1899-817717</styleUrl>
        <ExtendedData>
          <Data name="arabic">
            <value>قرآغاچ</value>
          </Data>
          <Data name="region">
            <value>Rum</value>
          </Data>
          <Data name="modern_country">
            <value>Turkey</value>
          </Data>
          <Data name="turkish">
            <value>Karaağaç</value>
          </Data>
          <Data name="longtitude">
            <value>37.146087</value>
          </Data>
          <Data name="latitude">
            <value>30.936127</value>
          </Data>
        </ExtendedData>
        <Point>
          <coordinates>
            30.936127,37.146087,0
          </coordinates>
        </Point>
      </Placemark>
      <Placemark>
        <name>Qarābāgh</name>
        <description><![CDATA[arabic: قراباغ‎<br>region: Arminiyah<br>modern_country: Azerbaijan<br>turkish: Karabağ<br>longtitude: 39.433333<br>latitude: 45.183333]]></description>
        <styleUrl>#icon-1899-9C27B0</styleUrl>
        <ExtendedData>
          <Data name="arabic">
            <value>قراباغ‎</value>
          </Data>
          <Data name="region">
            <value>Arminiyah</value>
          </Data>
          <Data name="modern_country">
            <value>Azerbaijan</value>
          </Data>
          <Data name="turkish">
            <value>Karabağ</value>
          </Data>
          <Data name="longtitude">
            <value>39.433333</value>
          </Data>
          <Data name="latitude">
            <value>45.183333</value>
          </Data>
        </ExtendedData>
        <Point>
          <coordinates>
            45.183333,39.433333,0
          </coordinates>
        </Point>
      </Placemark>
      <Placemark>
        <name>Qaraḥiṣār</name>
        <description><![CDATA[arabic: قرحصار<br>region: Rum<br>modern_country: Turkey<br>turkish: Karahisar<br>longtitude: 40.286859<br>latitude: 38.421936]]></description>
        <styleUrl>#icon-1899-817717</styleUrl>
        <ExtendedData>
          <Data name="arabic">
            <value>قرحصار</value>
          </Data>
          <Data name="region">
            <value>Rum</value>
          </Data>
          <Data name="modern_country">
            <value>Turkey</value>
          </Data>
          <Data name="turkish">
            <value>Karahisar</value>
          </Data>
          <Data name="longtitude">
            <value>40.286859</value>
          </Data>
          <Data name="latitude">
            <value>38.421936</value>
          </Data>
        </ExtendedData>
        <Point>
          <coordinates>
            38.421936,40.286859,0
          </coordinates>
        </Point>
      </Placemark>
      <Placemark>
        <name>Qasṭamūniya</name>
        <description><![CDATA[arabic: قسطمونیة<br>region: Rum<br>modern_country: Turkey<br>turkish: Kastamonu<br>longtitude: 41.376536<br>latitude: 33.777009]]></description>
        <styleUrl>#icon-1899-817717</styleUrl>
        <ExtendedData>
          <Data name="arabic">
            <value>قسطمونیة</value>
          </Data>
          <Data name="region">
            <value>Rum</value>
          </Data>
          <Data name="modern_country">
            <value>Turkey</value>
          </Data>
          <Data name="turkish">
            <value>Kastamonu</value>
          </Data>
          <Data name="longtitude">
            <value>41.376536</value>
          </Data>
          <Data name="latitude">
            <value>33.777009</value>
          </Data>
        </ExtendedData>
        <Point>
          <coordinates>
            33.777009,41.376536,0
          </coordinates>
        </Point>
      </Placemark>
      <Placemark>
        <name>Qāyin / Qāʿin </name>
        <description><![CDATA[arabic: قاین / وائن‎‎<br>region: Kuhistan<br>modern_country: Iran<br>turkish: Kain<br>longtitude: 33.722675<br>latitude: 59.17882]]></description>
        <styleUrl>#icon-1899-795548</styleUrl>
        <ExtendedData>
          <Data name="arabic">
            <value>قاین / وائن‎‎</value>
          </Data>
          <Data name="region">
            <value>Kuhistan</value>
          </Data>
          <Data name="modern_country">
            <value>Iran</value>
          </Data>
          <Data name="turkish">
            <value>Kain</value>
          </Data>
          <Data name="longtitude">
            <value>33.722675</value>
          </Data>
          <Data name="latitude">
            <value>59.17882</value>
          </Data>
        </ExtendedData>
        <Point>
          <coordinates>
            59.17882,33.722675,0
          </coordinates>
        </Point>
      </Placemark>
      <Placemark>
        <name>Qays</name>
        <description><![CDATA[arabic: قیس<br>region: Fars<br>modern_country: Iran<br>turkish: Kais<br>longtitude: 26.532478<br>latitude: 53.986795]]></description>
        <styleUrl>#icon-1899-FF5252</styleUrl>
        <ExtendedData>
          <Data name="arabic">
            <value>قیس</value>
          </Data>
          <Data name="region">
            <value>Fars</value>
          </Data>
          <Data name="modern_country">
            <value>Iran</value>
          </Data>
          <Data name="turkish">
            <value>Kais</value>
          </Data>
          <Data name="longtitude">
            <value>26.532478</value>
          </Data>
          <Data name="latitude">
            <value>53.986795</value>
          </Data>
        </ExtendedData>
        <Point>
          <coordinates>
            53.986795,26.532478,0
          </coordinates>
        </Point>
      </Placemark>
      <Placemark>
        <name>Qayṣarīya</name>
        <description><![CDATA[arabic: قیصریّة<br>region: Rum<br>modern_country: Turkey<br>turkish: Kayseri<br>longtitude: 38.725323<br>latitude: 35.483611]]></description>
        <styleUrl>#icon-1899-817717</styleUrl>
        <ExtendedData>
          <Data name="arabic">
            <value>قیصریّة</value>
          </Data>
          <Data name="region">
            <value>Rum</value>
          </Data>
          <Data name="modern_country">
            <value>Turkey</value>
          </Data>
          <Data name="turkish">
            <value>Kayseri</value>
          </Data>
          <Data name="longtitude">
            <value>38.725323</value>
          </Data>
          <Data name="latitude">
            <value>35.483611</value>
          </Data>
        </ExtendedData>
        <Point>
          <coordinates>
            35.483611,38.725323,0
          </coordinates>
        </Point>
      </Placemark>
      <Placemark>
        <name>Qazwīn</name>
        <description><![CDATA[arabic: قزوین<br>region: Jibal<br>modern_country: Iran<br>turkish: Kazvin<br>longtitude: 36.280407<br>latitude: 50.006663]]></description>
        <styleUrl>#icon-1899-006064</styleUrl>
        <ExtendedData>
          <Data name="arabic">
            <value>قزوین</value>
          </Data>
          <Data name="region">
            <value>Jibal</value>
          </Data>
          <Data name="modern_country">
            <value>Iran</value>
          </Data>
          <Data name="turkish">
            <value>Kazvin</value>
          </Data>
          <Data name="longtitude">
            <value>36.280407</value>
          </Data>
          <Data name="latitude">
            <value>50.006663</value>
          </Data>
        </ExtendedData>
        <Point>
          <coordinates>
            50.006663,36.280407,0
          </coordinates>
        </Point>
      </Placemark>
      <Placemark>
        <name>Qirshahr</name>
        <description><![CDATA[arabic: قرشهر<br>region: Rum<br>modern_country: Turkey<br>turkish: Kırşehir<br>longtitude: 39.1461<br>latitude: 34.160633]]></description>
        <styleUrl>#icon-1899-817717</styleUrl>
        <ExtendedData>
          <Data name="arabic">
            <value>قرشهر</value>
          </Data>
          <Data name="region">
            <value>Rum</value>
          </Data>
          <Data name="modern_country">
            <value>Turkey</value>
          </Data>
          <Data name="turkish">
            <value>Kırşehir</value>
          </Data>
          <Data name="longtitude">
            <value>39.1461</value>
          </Data>
          <Data name="latitude">
            <value>34.160633</value>
          </Data>
        </ExtendedData>
        <Point>
          <coordinates>
            34.160633,39.1461,0
          </coordinates>
        </Point>
      </Placemark>
      <Placemark>
        <name>Qūmm</name>
        <description><![CDATA[arabic: قمّ<br>region: Jibal<br>modern_country: Iran<br>turkish: Kumm<br>longtitude: 34.643467<br>latitude: 50.876962]]></description>
        <styleUrl>#icon-1899-006064</styleUrl>
        <ExtendedData>
          <Data name="arabic">
            <value>قمّ</value>
          </Data>
          <Data name="region">
            <value>Jibal</value>
          </Data>
          <Data name="modern_country">
            <value>Iran</value>
          </Data>
          <Data name="turkish">
            <value>Kumm</value>
          </Data>
          <Data name="longtitude">
            <value>34.643467</value>
          </Data>
          <Data name="latitude">
            <value>50.876962</value>
          </Data>
        </ExtendedData>
        <Point>
          <coordinates>
            50.876962,34.643467,0
          </coordinates>
        </Point>
      </Placemark>
      <Placemark>
        <name>Qūniya</name>
        <description><![CDATA[arabic: قونیة<br>region: Rum<br>modern_country: Turkey<br>turkish: Konya<br>longtitude: 37.871996<br>latitude: 32.484402]]></description>
        <styleUrl>#icon-1899-817717</styleUrl>
        <ExtendedData>
          <Data name="arabic">
            <value>قونیة</value>
          </Data>
          <Data name="region">
            <value>Rum</value>
          </Data>
          <Data name="modern_country">
            <value>Turkey</value>
          </Data>
          <Data name="turkish">
            <value>Konya</value>
          </Data>
          <Data name="longtitude">
            <value>37.871996</value>
          </Data>
          <Data name="latitude">
            <value>32.484402</value>
          </Data>
        </ExtendedData>
        <Point>
          <coordinates>
            32.484402,37.871996,0
          </coordinates>
        </Point>
      </Placemark>
      <Placemark>
        <name>Rasht</name>
        <description><![CDATA[arabic: رشت<br>region: Gilan<br>modern_country: Iran<br>turkish: Reşt<br>longtitude: 37.27935<br>latitude: 49.584704]]></description>
        <styleUrl>#icon-1899-0097A7</styleUrl>
        <ExtendedData>
          <Data name="arabic">
            <value>رشت</value>
          </Data>
          <Data name="region">
            <value>Gilan</value>
          </Data>
          <Data name="modern_country">
            <value>Iran</value>
          </Data>
          <Data name="turkish">
            <value>Reşt</value>
          </Data>
          <Data name="longtitude">
            <value>37.27935</value>
          </Data>
          <Data name="latitude">
            <value>49.584704</value>
          </Data>
        </ExtendedData>
        <Point>
          <coordinates>
            49.584704,37.27935,0
          </coordinates>
        </Point>
      </Placemark>
      <Placemark>
        <name>Rayy</name>
        <description><![CDATA[arabic: ریّ<br>region: Jibal<br>modern_country: Iran<br>turkish: Rey<br>longtitude: 35.601639<br>latitude: 51.44187]]></description>
        <styleUrl>#icon-1899-006064</styleUrl>
        <ExtendedData>
          <Data name="arabic">
            <value>ریّ</value>
          </Data>
          <Data name="region">
            <value>Jibal</value>
          </Data>
          <Data name="modern_country">
            <value>Iran</value>
          </Data>
          <Data name="turkish">
            <value>Rey</value>
          </Data>
          <Data name="longtitude">
            <value>35.601639</value>
          </Data>
          <Data name="latitude">
            <value>51.44187</value>
          </Data>
        </ExtendedData>
        <Point>
          <coordinates>
            51.44187,35.601639,0
          </coordinates>
        </Point>
      </Placemark>
      <Placemark>
        <name>Rustamdār</name>
        <description><![CDATA[arabic: رستمدار<br>region: Mazandaran<br>modern_country: Iran<br>turkish: Rüstemdar<br>longtitude: 36.056284<br>latitude: 50.745249]]></description>
        <styleUrl>#icon-1899-A52714</styleUrl>
        <ExtendedData>
          <Data name="arabic">
            <value>رستمدار</value>
          </Data>
          <Data name="region">
            <value>Mazandaran</value>
          </Data>
          <Data name="modern_country">
            <value>Iran</value>
          </Data>
          <Data name="turkish">
            <value>Rüstemdar</value>
          </Data>
          <Data name="longtitude">
            <value>36.056284</value>
          </Data>
          <Data name="latitude">
            <value>50.745249</value>
          </Data>
        </ExtendedData>
        <Point>
          <coordinates>
            50.745249,36.056284,0
          </coordinates>
        </Point>
      </Placemark>
      <Placemark>
        <name>Rūyān</name>
        <description><![CDATA[arabic: رویان<br>region: Mazandaran<br>modern_country: Iran<br>turkish: Ruyan<br>longtitude: 36.884014<br>latitude: 49.954834]]></description>
        <styleUrl>#icon-1899-A52714</styleUrl>
        <ExtendedData>
          <Data name="arabic">
            <value>رویان</value>
          </Data>
          <Data name="region">
            <value>Mazandaran</value>
          </Data>
          <Data name="modern_country">
            <value>Iran</value>
          </Data>
          <Data name="turkish">
            <value>Ruyan</value>
          </Data>
          <Data name="longtitude">
            <value>36.884014</value>
          </Data>
          <Data name="latitude">
            <value>49.954834</value>
          </Data>
        </ExtendedData>
        <Point>
          <coordinates>
            49.954834,36.884014,0
          </coordinates>
        </Point>
      </Placemark>
      <Placemark>
        <name>Sabzawār</name>
        <description><![CDATA[arabic: سبزوار<br>region: Khurasan<br>modern_country: Iran<br>turkish: Sebzivar<br>longtitude: 36.213405<br>latitude: 57.68088]]></description>
        <styleUrl>#icon-1899-0F9D58</styleUrl>
        <ExtendedData>
          <Data name="arabic">
            <value>سبزوار</value>
          </Data>
          <Data name="region">
            <value>Khurasan</value>
          </Data>
          <Data name="modern_country">
            <value>Iran</value>
          </Data>
          <Data name="turkish">
            <value>Sebzivar</value>
          </Data>
          <Data name="longtitude">
            <value>36.213405</value>
          </Data>
          <Data name="latitude">
            <value>57.68088</value>
          </Data>
        </ExtendedData>
        <Point>
          <coordinates>
            57.68088,36.213405,0
          </coordinates>
        </Point>
      </Placemark>
      <Placemark>
        <name>Salmās</name>
        <description><![CDATA[arabic: سلماس<br>region: Adharbayjan<br>modern_country: Iran<br>turkish: Selmas<br>longtitude: 38.196904<br>latitude: 44.768502]]></description>
        <styleUrl>#icon-1899-C2185B</styleUrl>
        <ExtendedData>
          <Data name="arabic">
            <value>سلماس</value>
          </Data>
          <Data name="region">
            <value>Adharbayjan</value>
          </Data>
          <Data name="modern_country">
            <value>Iran</value>
          </Data>
          <Data name="turkish">
            <value>Selmas</value>
          </Data>
          <Data name="longtitude">
            <value>38.196904</value>
          </Data>
          <Data name="latitude">
            <value>44.768502</value>
          </Data>
        </ExtendedData>
        <Point>
          <coordinates>
            44.768502,38.196904,0
          </coordinates>
        </Point>
      </Placemark>
      <Placemark>
        <name>Samāsūr / Ṣamāsūr</name>
        <description><![CDATA[arabic: سماسور / صماسور‎<br>region: Jazirah<br>modern_country: Turkey<br>turkish: Samasur<br>longtitude: 38.884753<br>latitude: 40.494404]]></description>
        <styleUrl>#icon-1899-097138</styleUrl>
        <ExtendedData>
          <Data name="arabic">
            <value>سماسور / صماسور‎</value>
          </Data>
          <Data name="region">
            <value>Jazirah</value>
          </Data>
          <Data name="modern_country">
            <value>Turkey</value>
          </Data>
          <Data name="turkish">
            <value>Samasur</value>
          </Data>
          <Data name="longtitude">
            <value>38.884753</value>
          </Data>
          <Data name="latitude">
            <value>40.494404</value>
          </Data>
        </ExtendedData>
        <Point>
          <coordinates>
            40.494404,38.884753,0
          </coordinates>
        </Point>
      </Placemark>
      <Placemark>
        <name>Sāmsūn</name>
        <description><![CDATA[arabic: سامسون<br>region: Rum<br>modern_country: Turkey<br>turkish: Samsun<br>longtitude: 41.289354<br>latitude: 36.325898]]></description>
        <styleUrl>#icon-1899-817717</styleUrl>
        <ExtendedData>
          <Data name="arabic">
            <value>سامسون</value>
          </Data>
          <Data name="region">
            <value>Rum</value>
          </Data>
          <Data name="modern_country">
            <value>Turkey</value>
          </Data>
          <Data name="turkish">
            <value>Samsun</value>
          </Data>
          <Data name="longtitude">
            <value>41.289354</value>
          </Data>
          <Data name="latitude">
            <value>36.325898</value>
          </Data>
        </ExtendedData>
        <Point>
          <coordinates>
            36.325898,41.289354,0
          </coordinates>
        </Point>
      </Placemark>
      <Placemark>
        <name>Ṣandiqlī / Ṣandūqlū</name>
        <description><![CDATA[arabic: صندقلی / صندوقلو<br>region: Rum<br>modern_country: Turkey<br>turkish: Sandıklı<br>longtitude: 38.466309<br>latitude: 30.269538]]></description>
        <styleUrl>#icon-1899-817717</styleUrl>
        <ExtendedData>
          <Data name="arabic">
            <value>صندقلی / صندوقلو</value>
          </Data>
          <Data name="region">
            <value>Rum</value>
          </Data>
          <Data name="modern_country">
            <value>Turkey</value>
          </Data>
          <Data name="turkish">
            <value>Sandıklı</value>
          </Data>
          <Data name="longtitude">
            <value>38.466309</value>
          </Data>
          <Data name="latitude">
            <value>30.269538</value>
          </Data>
        </ExtendedData>
        <Point>
          <coordinates>
            30.269538,38.466309,0
          </coordinates>
        </Point>
      </Placemark>
      <Placemark>
        <name>Sarāh</name>
        <description><![CDATA[arabic: سراہ‎‎<br>region: Adharbayjan<br>modern_country: Azerbaijan<br>turkish: Sera<br>longtitude: 39.06946<br>latitude: 48.439299]]></description>
        <styleUrl>#icon-1899-C2185B</styleUrl>
        <ExtendedData>
          <Data name="arabic">
            <value>سراہ‎‎</value>
          </Data>
          <Data name="region">
            <value>Adharbayjan</value>
          </Data>
          <Data name="modern_country">
            <value>Azerbaijan</value>
          </Data>
          <Data name="turkish">
            <value>Sera</value>
          </Data>
          <Data name="longtitude">
            <value>39.06946</value>
          </Data>
          <Data name="latitude">
            <value>48.439299</value>
          </Data>
        </ExtendedData>
        <Point>
          <coordinates>
            48.439299,39.06946,0
          </coordinates>
        </Point>
      </Placemark>
      <Placemark>
        <name>Sarakhs</name>
        <description><![CDATA[arabic: سرخس<br>region: Khurasan<br>modern_country: Iran<br>turkish: Sarhis<br>longtitude: 36.541863<br>latitude: 61.1571]]></description>
        <styleUrl>#icon-1899-0F9D58</styleUrl>
        <ExtendedData>
          <Data name="arabic">
            <value>سرخس</value>
          </Data>
          <Data name="region">
            <value>Khurasan</value>
          </Data>
          <Data name="modern_country">
            <value>Iran</value>
          </Data>
          <Data name="turkish">
            <value>Sarhis</value>
          </Data>
          <Data name="longtitude">
            <value>36.541863</value>
          </Data>
          <Data name="latitude">
            <value>61.1571</value>
          </Data>
        </ExtendedData>
        <Point>
          <coordinates>
            61.1571,36.541863,0
          </coordinates>
        </Point>
      </Placemark>
      <Placemark>
        <name>Sarāw</name>
        <description><![CDATA[arabic: سراو<br>region: Adharbayjan<br>modern_country: Iran<br>turkish: Sarav<br>longtitude: 37.943544<br>latitude: 47.549332]]></description>
        <styleUrl>#icon-1899-C2185B</styleUrl>
        <ExtendedData>
          <Data name="arabic">
            <value>سراو</value>
          </Data>
          <Data name="region">
            <value>Adharbayjan</value>
          </Data>
          <Data name="modern_country">
            <value>Iran</value>
          </Data>
          <Data name="turkish">
            <value>Sarav</value>
          </Data>
          <Data name="longtitude">
            <value>37.943544</value>
          </Data>
          <Data name="latitude">
            <value>47.549332</value>
          </Data>
        </ExtendedData>
        <Point>
          <coordinates>
            47.549332,37.943544,0
          </coordinates>
        </Point>
      </Placemark>
      <Placemark>
        <name>Sārī / Sāriyya</name>
        <description><![CDATA[arabic: ساری / ساریّة‎<br>region: Mazandaran<br>modern_country: Iran<br>turkish: Sari (Saray)<br>longtitude: 36.565873<br>latitude: 53.058569]]></description>
        <styleUrl>#icon-1899-A52714</styleUrl>
        <ExtendedData>
          <Data name="arabic">
            <value>ساری / ساریّة‎</value>
          </Data>
          <Data name="region">
            <value>Mazandaran</value>
          </Data>
          <Data name="modern_country">
            <value>Iran</value>
          </Data>
          <Data name="turkish">
            <value>Sari (Saray)</value>
          </Data>
          <Data name="longtitude">
            <value>36.565873</value>
          </Data>
          <Data name="latitude">
            <value>53.058569</value>
          </Data>
        </ExtendedData>
        <Point>
          <coordinates>
            53.058569,36.565873,0
          </coordinates>
        </Point>
      </Placemark>
      <Placemark>
        <name>Sāwah</name>
        <description><![CDATA[arabic: ساوہ<br>region: Jibal<br>modern_country: Iran<br>turkish: Save<br>longtitude: 35.020613<br>latitude: 50.358483]]></description>
        <styleUrl>#icon-1899-006064</styleUrl>
        <ExtendedData>
          <Data name="arabic">
            <value>ساوہ</value>
          </Data>
          <Data name="region">
            <value>Jibal</value>
          </Data>
          <Data name="modern_country">
            <value>Iran</value>
          </Data>
          <Data name="turkish">
            <value>Save</value>
          </Data>
          <Data name="longtitude">
            <value>35.020613</value>
          </Data>
          <Data name="latitude">
            <value>50.358483</value>
          </Data>
        </ExtendedData>
        <Point>
          <coordinates>
            50.358483,35.020613,0
          </coordinates>
        </Point>
      </Placemark>
      <Placemark>
        <name>Shabānkāra</name>
        <description><![CDATA[arabic: شبانکارہ<br>region: Fars<br>modern_country: Iran<br>turkish: Şabankara<br>longtitude: 28.905027<br>latitude: 52.760983]]></description>
        <styleUrl>#icon-1899-FF5252</styleUrl>
        <ExtendedData>
          <Data name="arabic">
            <value>شبانکارہ</value>
          </Data>
          <Data name="region">
            <value>Fars</value>
          </Data>
          <Data name="modern_country">
            <value>Iran</value>
          </Data>
          <Data name="turkish">
            <value>Şabankara</value>
          </Data>
          <Data name="longtitude">
            <value>28.905027</value>
          </Data>
          <Data name="latitude">
            <value>52.760983</value>
          </Data>
        </ExtendedData>
        <Point>
          <coordinates>
            52.760983,28.905027,0
          </coordinates>
        </Point>
      </Placemark>
      <Placemark>
        <name>Shābirān</name>
        <description><![CDATA[arabic: شابران‎<br>region: Shirwan<br>modern_country: Azerbaijan<br>turkish: Şabiran<br>longtitude: 41.215982<br>latitude: 48.994559]]></description>
        <styleUrl>#icon-1899-E65100</styleUrl>
        <ExtendedData>
          <Data name="arabic">
            <value>شابران‎</value>
          </Data>
          <Data name="region">
            <value>Shirwan</value>
          </Data>
          <Data name="modern_country">
            <value>Azerbaijan</value>
          </Data>
          <Data name="turkish">
            <value>Şabiran</value>
          </Data>
          <Data name="longtitude">
            <value>41.215982</value>
          </Data>
          <Data name="latitude">
            <value>48.994559</value>
          </Data>
        </ExtendedData>
        <Point>
          <coordinates>
            48.994559,41.215982,0
          </coordinates>
        </Point>
      </Placemark>
      <Placemark>
        <name>Shabistar</name>
        <description><![CDATA[arabic: شبستر<br>region: Adharbayjan<br>modern_country: Iran<br>turkish: Şabistar<br>longtitude: 38.17837<br>latitude: 45.700236]]></description>
        <styleUrl>#icon-1899-C2185B</styleUrl>
        <ExtendedData>
          <Data name="arabic">
            <value>شبستر</value>
          </Data>
          <Data name="region">
            <value>Adharbayjan</value>
          </Data>
          <Data name="modern_country">
            <value>Iran</value>
          </Data>
          <Data name="turkish">
            <value>Şabistar</value>
          </Data>
          <Data name="longtitude">
            <value>38.17837</value>
          </Data>
          <Data name="latitude">
            <value>45.700236</value>
          </Data>
        </ExtendedData>
        <Point>
          <coordinates>
            45.700236,38.17837,0
          </coordinates>
        </Point>
      </Placemark>
      <Placemark>
        <name>Shafurqān</name>
        <description><![CDATA[arabic: شفورقان<br>region: Khurasan<br>modern_country: Afghanistan<br>turkish: Şofurkan<br>longtitude: 36.666667<br>latitude: 65.7]]></description>
        <styleUrl>#icon-1899-0F9D58</styleUrl>
        <ExtendedData>
          <Data name="arabic">
            <value>شفورقان</value>
          </Data>
          <Data name="region">
            <value>Khurasan</value>
          </Data>
          <Data name="modern_country">
            <value>Afghanistan</value>
          </Data>
          <Data name="turkish">
            <value>Şofurkan</value>
          </Data>
          <Data name="longtitude">
            <value>36.666667</value>
          </Data>
          <Data name="latitude">
            <value>65.7</value>
          </Data>
        </ExtendedData>
        <Point>
          <coordinates>
            65.7,36.666667,0
          </coordinates>
        </Point>
      </Placemark>
      <Placemark>
        <name>Shahristān</name>
        <description><![CDATA[arabic: شهرستان<br>region: Khurasan<br>modern_country: Turkmenistan<br>turkish: Şehristan<br>longtitude: 38.138898<br>latitude: 59.037835]]></description>
        <styleUrl>#icon-1899-0F9D58</styleUrl>
        <ExtendedData>
          <Data name="arabic">
            <value>شهرستان</value>
          </Data>
          <Data name="region">
            <value>Khurasan</value>
          </Data>
          <Data name="modern_country">
            <value>Turkmenistan</value>
          </Data>
          <Data name="turkish">
            <value>Şehristan</value>
          </Data>
          <Data name="longtitude">
            <value>38.138898</value>
          </Data>
          <Data name="latitude">
            <value>59.037835</value>
          </Data>
        </ExtendedData>
        <Point>
          <coordinates>
            59.037835,38.138898,0
          </coordinates>
        </Point>
      </Placemark>
      <Placemark>
        <name>Shahristān Rashīdī</name>
        <description><![CDATA[arabic: سهرستان رشیدی<br>region: Adharbayjan<br>modern_country: Iran<br>turkish: Şehristan Raşîdî<br>longtitude: 38.129696<br>latitude: 46.211243]]></description>
        <styleUrl>#icon-1899-C2185B</styleUrl>
        <ExtendedData>
          <Data name="arabic">
            <value>سهرستان رشیدی</value>
          </Data>
          <Data name="region">
            <value>Adharbayjan</value>
          </Data>
          <Data name="modern_country">
            <value>Iran</value>
          </Data>
          <Data name="turkish">
            <value>Şehristan Raşîdî</value>
          </Data>
          <Data name="longtitude">
            <value>38.129696</value>
          </Data>
          <Data name="latitude">
            <value>46.211243</value>
          </Data>
        </ExtendedData>
        <Point>
          <coordinates>
            46.211243,38.129696,0
          </coordinates>
        </Point>
      </Placemark>
      <Placemark>
        <name>Sharūr</name>
        <description><![CDATA[arabic: شرور<br>region: Arminiyah<br>modern_country: Azerbaijan<br>turkish: Şarur<br>longtitude: 39.552484<br>latitude: 44.985731]]></description>
        <styleUrl>#icon-1899-9C27B0</styleUrl>
        <ExtendedData>
          <Data name="arabic">
            <value>شرور</value>
          </Data>
          <Data name="region">
            <value>Arminiyah</value>
          </Data>
          <Data name="modern_country">
            <value>Azerbaijan</value>
          </Data>
          <Data name="turkish">
            <value>Şarur</value>
          </Data>
          <Data name="longtitude">
            <value>39.552484</value>
          </Data>
          <Data name="latitude">
            <value>44.985731</value>
          </Data>
        </ExtendedData>
        <Point>
          <coordinates>
            44.985731,39.552484,0
          </coordinates>
        </Point>
      </Placemark>
      <Placemark>
        <name>Shaykh Kabīr</name>
        <description><![CDATA[arabic: شیخ کبیر<br>region: Fars<br>modern_country: Iran<br>turkish: Şeyh Kebir<br>longtitude: 29.606894<br>latitude: 52.445984]]></description>
        <styleUrl>#icon-1899-FF5252</styleUrl>
        <ExtendedData>
          <Data name="arabic">
            <value>شیخ کبیر</value>
          </Data>
          <Data name="region">
            <value>Fars</value>
          </Data>
          <Data name="modern_country">
            <value>Iran</value>
          </Data>
          <Data name="turkish">
            <value>Şeyh Kebir</value>
          </Data>
          <Data name="longtitude">
            <value>29.606894</value>
          </Data>
          <Data name="latitude">
            <value>52.445984</value>
          </Data>
        </ExtendedData>
        <Point>
          <coordinates>
            52.445984,29.606894,0
          </coordinates>
        </Point>
      </Placemark>
      <Placemark>
        <name>Shimākhī</name>
        <description><![CDATA[arabic: شماخی‎<br>region: Shirwan<br>modern_country: Azerbaijan<br>turkish: Şemahi<br>longtitude: 40.627666<br>latitude: 48.642096]]></description>
        <styleUrl>#icon-1899-E65100</styleUrl>
        <ExtendedData>
          <Data name="arabic">
            <value>شماخی‎</value>
          </Data>
          <Data name="region">
            <value>Shirwan</value>
          </Data>
          <Data name="modern_country">
            <value>Azerbaijan</value>
          </Data>
          <Data name="turkish">
            <value>Şemahi</value>
          </Data>
          <Data name="longtitude">
            <value>40.627666</value>
          </Data>
          <Data name="latitude">
            <value>48.642096</value>
          </Data>
        </ExtendedData>
        <Point>
          <coordinates>
            48.642096,40.627666,0
          </coordinates>
        </Point>
      </Placemark>
      <Placemark>
        <name>Shīrāz</name>
        <description><![CDATA[arabic: شیراز<br>region: Fars<br>modern_country: Iran<br>turkish: Şiraz<br>longtitude: 29.609605<br>latitude: 52.543176]]></description>
        <styleUrl>#icon-1899-FF5252</styleUrl>
        <ExtendedData>
          <Data name="arabic">
            <value>شیراز</value>
          </Data>
          <Data name="region">
            <value>Fars</value>
          </Data>
          <Data name="modern_country">
            <value>Iran</value>
          </Data>
          <Data name="turkish">
            <value>Şiraz</value>
          </Data>
          <Data name="longtitude">
            <value>29.609605</value>
          </Data>
          <Data name="latitude">
            <value>52.543176</value>
          </Data>
        </ExtendedData>
        <Point>
          <coordinates>
            52.543176,29.609605,0
          </coordinates>
        </Point>
      </Placemark>
      <Placemark>
        <name>Shūstar</name>
        <description><![CDATA[arabic: شوستر<br>region: Khuzistan<br>modern_country: Iran<br>turkish: Şuster<br>longtitude: 32.037911<br>latitude: 48.850805]]></description>
        <styleUrl>#icon-1899-AFB42B</styleUrl>
        <ExtendedData>
          <Data name="arabic">
            <value>شوستر</value>
          </Data>
          <Data name="region">
            <value>Khuzistan</value>
          </Data>
          <Data name="modern_country">
            <value>Iran</value>
          </Data>
          <Data name="turkish">
            <value>Şuster</value>
          </Data>
          <Data name="longtitude">
            <value>32.037911</value>
          </Data>
          <Data name="latitude">
            <value>48.850805</value>
          </Data>
        </ExtendedData>
        <Point>
          <coordinates>
            48.850805,32.037911,0
          </coordinates>
        </Point>
      </Placemark>
      <Placemark>
        <name>Siʿird / Sighird / Isghird</name>
        <description><![CDATA[arabic: سعرد / سغرد / اسغرد‎<br>region: Jazirah<br>modern_country: Turkey<br>turkish: Siirt<br>longtitude: 37.931282<br>latitude: 41.93984]]></description>
        <styleUrl>#icon-1899-097138</styleUrl>
        <ExtendedData>
          <Data name="arabic">
            <value>سعرد / سغرد / اسغرد‎</value>
          </Data>
          <Data name="region">
            <value>Jazirah</value>
          </Data>
          <Data name="modern_country">
            <value>Turkey</value>
          </Data>
          <Data name="turkish">
            <value>Siirt</value>
          </Data>
          <Data name="longtitude">
            <value>37.931282</value>
          </Data>
          <Data name="latitude">
            <value>41.93984</value>
          </Data>
        </ExtendedData>
        <Point>
          <coordinates>
            41.93984,37.931282,0
          </coordinates>
        </Point>
      </Placemark>
      <Placemark>
        <name>Simnān</name>
        <description><![CDATA[arabic: سمنان<br>region: Kumis<br>modern_country: Iran<br>turkish: Simnan<br>longtitude: 35.583567<br>latitude: 53.38791]]></description>
        <styleUrl>#icon-1899-7CB342</styleUrl>
        <ExtendedData>
          <Data name="arabic">
            <value>سمنان</value>
          </Data>
          <Data name="region">
            <value>Kumis</value>
          </Data>
          <Data name="modern_country">
            <value>Iran</value>
          </Data>
          <Data name="turkish">
            <value>Simnan</value>
          </Data>
          <Data name="longtitude">
            <value>35.583567</value>
          </Data>
          <Data name="latitude">
            <value>53.38791</value>
          </Data>
        </ExtendedData>
        <Point>
          <coordinates>
            53.38791,35.583567,0
          </coordinates>
        </Point>
      </Placemark>
      <Placemark>
        <name>Sinjān</name>
        <description><![CDATA[arabic: سنجان<br>region: Rum<br>modern_country: Turkey<br>turkish: Sincan<br>longtitude: 39.474175<br>latitude: 37.875173]]></description>
        <styleUrl>#icon-1899-817717</styleUrl>
        <ExtendedData>
          <Data name="arabic">
            <value>سنجان</value>
          </Data>
          <Data name="region">
            <value>Rum</value>
          </Data>
          <Data name="modern_country">
            <value>Turkey</value>
          </Data>
          <Data name="turkish">
            <value>Sincan</value>
          </Data>
          <Data name="longtitude">
            <value>39.474175</value>
          </Data>
          <Data name="latitude">
            <value>37.875173</value>
          </Data>
        </ExtendedData>
        <Point>
          <coordinates>
            37.875173,39.474175,0
          </coordinates>
        </Point>
      </Placemark>
      <Placemark>
        <name>Sinjār</name>
        <description><![CDATA[arabic: سنجار‎<br>region: Jazirah<br>modern_country: Iraq<br>turkish: Sincar<br>longtitude: 36.314216<br>latitude: 41.862442]]></description>
        <styleUrl>#icon-1899-097138</styleUrl>
        <ExtendedData>
          <Data name="arabic">
            <value>سنجار‎</value>
          </Data>
          <Data name="region">
            <value>Jazirah</value>
          </Data>
          <Data name="modern_country">
            <value>Iraq</value>
          </Data>
          <Data name="turkish">
            <value>Sincar</value>
          </Data>
          <Data name="longtitude">
            <value>36.314216</value>
          </Data>
          <Data name="latitude">
            <value>41.862442</value>
          </Data>
        </ExtendedData>
        <Point>
          <coordinates>
            41.862442,36.314216,0
          </coordinates>
        </Point>
      </Placemark>
      <Placemark>
        <name>Sīnūb</name>
        <description><![CDATA[arabic: سینوب<br>region: Rum<br>modern_country: Turkey<br>turkish: Sinop<br>longtitude: 42.02667<br>latitude: 35.150677]]></description>
        <styleUrl>#icon-1899-817717</styleUrl>
        <ExtendedData>
          <Data name="arabic">
            <value>سینوب</value>
          </Data>
          <Data name="region">
            <value>Rum</value>
          </Data>
          <Data name="modern_country">
            <value>Turkey</value>
          </Data>
          <Data name="turkish">
            <value>Sinop</value>
          </Data>
          <Data name="longtitude">
            <value>42.02667</value>
          </Data>
          <Data name="latitude">
            <value>35.150677</value>
          </Data>
        </ExtendedData>
        <Point>
          <coordinates>
            35.150677,42.02667,0
          </coordinates>
        </Point>
      </Placemark>
      <Placemark>
        <name>Sipihr</name>
        <description><![CDATA[arabic: سپهر<br>region: Rum<br>modern_country: Turkey<br>turkish: Siphr / İspir<br>longtitude: 40.484103<br>latitude: 40.999861]]></description>
        <styleUrl>#icon-1899-817717</styleUrl>
        <ExtendedData>
          <Data name="arabic">
            <value>سپهر</value>
          </Data>
          <Data name="region">
            <value>Rum</value>
          </Data>
          <Data name="modern_country">
            <value>Turkey</value>
          </Data>
          <Data name="turkish">
            <value>Siphr / İspir</value>
          </Data>
          <Data name="longtitude">
            <value>40.484103</value>
          </Data>
          <Data name="latitude">
            <value>40.999861</value>
          </Data>
        </ExtendedData>
        <Point>
          <coordinates>
            40.999861,40.484103,0
          </coordinates>
        </Point>
      </Placemark>
      <Placemark>
        <name>Sīrajān</name>
        <description><![CDATA[arabic: سیرجان<br>region: Kirman<br>modern_country: Iran<br>turkish: Siracan<br>longtitude: 29.45634<br>latitude: 55.671501]]></description>
        <styleUrl>#icon-1899-FFD600</styleUrl>
        <ExtendedData>
          <Data name="arabic">
            <value>سیرجان</value>
          </Data>
          <Data name="region">
            <value>Kirman</value>
          </Data>
          <Data name="modern_country">
            <value>Iran</value>
          </Data>
          <Data name="turkish">
            <value>Siracan</value>
          </Data>
          <Data name="longtitude">
            <value>29.45634</value>
          </Data>
          <Data name="latitude">
            <value>55.671501</value>
          </Data>
        </ExtendedData>
        <Point>
          <coordinates>
            55.671501,29.45634,0
          </coordinates>
        </Point>
      </Placemark>
      <Placemark>
        <name>Sīwās</name>
        <description><![CDATA[arabic: سیواس<br>region: Rum<br>modern_country: Turkey<br>turkish: Sivas<br>longtitude: 39.749781<br>latitude: 37.013697]]></description>
        <styleUrl>#icon-1899-817717</styleUrl>
        <ExtendedData>
          <Data name="arabic">
            <value>سیواس</value>
          </Data>
          <Data name="region">
            <value>Rum</value>
          </Data>
          <Data name="modern_country">
            <value>Turkey</value>
          </Data>
          <Data name="turkish">
            <value>Sivas</value>
          </Data>
          <Data name="longtitude">
            <value>39.749781</value>
          </Data>
          <Data name="latitude">
            <value>37.013697</value>
          </Data>
        </ExtendedData>
        <Point>
          <coordinates>
            37.013697,39.749781,0
          </coordinates>
        </Point>
      </Placemark>
      <Placemark>
        <name>Siwriḥisār</name>
        <description><![CDATA[arabic: سورحصار<br>region: Rum<br>modern_country: Turkey<br>turkish: Sivrihisar<br>longtitude: 39.44963<br>latitude: 31.536091]]></description>
        <styleUrl>#icon-1899-817717</styleUrl>
        <ExtendedData>
          <Data name="arabic">
            <value>سورحصار</value>
          </Data>
          <Data name="region">
            <value>Rum</value>
          </Data>
          <Data name="modern_country">
            <value>Turkey</value>
          </Data>
          <Data name="turkish">
            <value>Sivrihisar</value>
          </Data>
          <Data name="longtitude">
            <value>39.44963</value>
          </Data>
          <Data name="latitude">
            <value>31.536091</value>
          </Data>
        </ExtendedData>
        <Point>
          <coordinates>
            31.536091,39.44963,0
          </coordinates>
        </Point>
      </Placemark>
      <Placemark>
        <name>Soghūd</name>
        <description><![CDATA[arabic: سغود<br>region: Rum<br>modern_country: Turkey<br>turkish: Söğüt<br>longtitude: 40.017098<br>latitude: 30.18013]]></description>
        <styleUrl>#icon-1899-817717</styleUrl>
        <ExtendedData>
          <Data name="arabic">
            <value>سغود</value>
          </Data>
          <Data name="region">
            <value>Rum</value>
          </Data>
          <Data name="modern_country">
            <value>Turkey</value>
          </Data>
          <Data name="turkish">
            <value>Söğüt</value>
          </Data>
          <Data name="longtitude">
            <value>40.017098</value>
          </Data>
          <Data name="latitude">
            <value>30.18013</value>
          </Data>
        </ExtendedData>
        <Point>
          <coordinates>
            30.18013,40.017098,0
          </coordinates>
        </Point>
      </Placemark>
      <Placemark>
        <name>Sulaymānshahr</name>
        <description><![CDATA[arabic: سلیمانشهر<br>region: Rum<br>modern_country: Turkey<br>turkish: Süleymanşehir<br>longtitude: 37.795678<br>latitude: 31.672211]]></description>
        <styleUrl>#icon-1899-817717</styleUrl>
        <ExtendedData>
          <Data name="arabic">
            <value>سلیمانشهر</value>
          </Data>
          <Data name="region">
            <value>Rum</value>
          </Data>
          <Data name="modern_country">
            <value>Turkey</value>
          </Data>
          <Data name="turkish">
            <value>Süleymanşehir</value>
          </Data>
          <Data name="longtitude">
            <value>37.795678</value>
          </Data>
          <Data name="latitude">
            <value>31.672211</value>
          </Data>
        </ExtendedData>
        <Point>
          <coordinates>
            31.672211,37.795678,0
          </coordinates>
        </Point>
      </Placemark>
      <Placemark>
        <name>Suldūz</name>
        <description><![CDATA[arabic: سلدوز<br>region: Adharbayjan<br>modern_country: Iran<br>turkish: Sulduz<br>longtitude: 37.125286<br>latitude: 45.834961]]></description>
        <styleUrl>#icon-1899-C2185B</styleUrl>
        <ExtendedData>
          <Data name="arabic">
            <value>سلدوز</value>
          </Data>
          <Data name="region">
            <value>Adharbayjan</value>
          </Data>
          <Data name="modern_country">
            <value>Iran</value>
          </Data>
          <Data name="turkish">
            <value>Sulduz</value>
          </Data>
          <Data name="longtitude">
            <value>37.125286</value>
          </Data>
          <Data name="latitude">
            <value>45.834961</value>
          </Data>
        </ExtendedData>
        <Point>
          <coordinates>
            45.834961,37.125286,0
          </coordinates>
        </Point>
      </Placemark>
      <Placemark>
        <name>Sulṭānḥisār</name>
        <description><![CDATA[arabic: سلطان حصار<br>region: Rum<br>modern_country: Turkey<br>turkish: Sultanhisar<br>longtitude: 37.889859<br>latitude: 28.154427]]></description>
        <styleUrl>#icon-1899-817717</styleUrl>
        <ExtendedData>
          <Data name="arabic">
            <value>سلطان حصار</value>
          </Data>
          <Data name="region">
            <value>Rum</value>
          </Data>
          <Data name="modern_country">
            <value>Turkey</value>
          </Data>
          <Data name="turkish">
            <value>Sultanhisar</value>
          </Data>
          <Data name="longtitude">
            <value>37.889859</value>
          </Data>
          <Data name="latitude">
            <value>28.154427</value>
          </Data>
        </ExtendedData>
        <Point>
          <coordinates>
            28.154427,37.889859,0
          </coordinates>
        </Point>
      </Placemark>
      <Placemark>
        <name>Sulṭānīya</name>
        <description><![CDATA[arabic: سلطانیّة<br>region: Jibal<br>modern_country: Iran<br>turkish: Sultaniye<br>longtitude: 36.435277<br>latitude: 48.794388]]></description>
        <styleUrl>#icon-1899-006064</styleUrl>
        <ExtendedData>
          <Data name="arabic">
            <value>سلطانیّة</value>
          </Data>
          <Data name="region">
            <value>Jibal</value>
          </Data>
          <Data name="modern_country">
            <value>Iran</value>
          </Data>
          <Data name="turkish">
            <value>Sultaniye</value>
          </Data>
          <Data name="longtitude">
            <value>36.435277</value>
          </Data>
          <Data name="latitude">
            <value>48.794388</value>
          </Data>
        </ExtendedData>
        <Point>
          <coordinates>
            48.794388,36.435277,0
          </coordinates>
        </Point>
      </Placemark>
      <Placemark>
        <name>Tabrīz</name>
        <description><![CDATA[arabic: تبریز<br>region: Adharbayjan<br>modern_country: Iran<br>turkish: Tebriz<br>longtitude: 38.077395<br>latitude: 46.289161]]></description>
        <styleUrl>#icon-1899-C2185B</styleUrl>
        <ExtendedData>
          <Data name="arabic">
            <value>تبریز</value>
          </Data>
          <Data name="region">
            <value>Adharbayjan</value>
          </Data>
          <Data name="modern_country">
            <value>Iran</value>
          </Data>
          <Data name="turkish">
            <value>Tebriz</value>
          </Data>
          <Data name="longtitude">
            <value>38.077395</value>
          </Data>
          <Data name="latitude">
            <value>46.289161</value>
          </Data>
        </ExtendedData>
        <Point>
          <coordinates>
            46.289161,38.077395,0
          </coordinates>
        </Point>
      </Placemark>
      <Placemark>
        <name>Ṭārum</name>
        <description><![CDATA[arabic: طارم<br>region: Gilan<br>modern_country: Iran<br>turkish: Tarum<br>longtitude: 36.976255<br>latitude: 48.956745]]></description>
        <styleUrl>#icon-1899-0097A7</styleUrl>
        <ExtendedData>
          <Data name="arabic">
            <value>طارم</value>
          </Data>
          <Data name="region">
            <value>Gilan</value>
          </Data>
          <Data name="modern_country">
            <value>Iran</value>
          </Data>
          <Data name="turkish">
            <value>Tarum</value>
          </Data>
          <Data name="longtitude">
            <value>36.976255</value>
          </Data>
          <Data name="latitude">
            <value>48.956745</value>
          </Data>
        </ExtendedData>
        <Point>
          <coordinates>
            48.956745,36.976255,0
          </coordinates>
        </Point>
      </Placemark>
      <Placemark>
        <name><![CDATA[Ṭa'ūs]]></name>
        <description><![CDATA[arabic: طاوس<br>region: Fars<br>modern_country: Iran<br>turkish: Taus<br>longtitude: 31.15<br>latitude: 53.3]]></description>
        <styleUrl>#icon-1899-FF5252</styleUrl>
        <ExtendedData>
          <Data name="arabic">
            <value>طاوس</value>
          </Data>
          <Data name="region">
            <value>Fars</value>
          </Data>
          <Data name="modern_country">
            <value>Iran</value>
          </Data>
          <Data name="turkish">
            <value>Taus</value>
          </Data>
          <Data name="longtitude">
            <value>31.15</value>
          </Data>
          <Data name="latitude">
            <value>53.3</value>
          </Data>
        </ExtendedData>
        <Point>
          <coordinates>
            53.3,31.15,0
          </coordinates>
        </Point>
      </Placemark>
      <Placemark>
        <name>Tiflīs</name>
        <description><![CDATA[arabic: تفلیس<br>region: Gurjistan<br>modern_country: Georgia<br>turkish: Tiflis<br>longtitude: 41.693435<br>latitude: 44.801498]]></description>
        <styleUrl>#icon-1899-1A237E</styleUrl>
        <ExtendedData>
          <Data name="arabic">
            <value>تفلیس</value>
          </Data>
          <Data name="region">
            <value>Gurjistan</value>
          </Data>
          <Data name="modern_country">
            <value>Georgia</value>
          </Data>
          <Data name="turkish">
            <value>Tiflis</value>
          </Data>
          <Data name="longtitude">
            <value>41.693435</value>
          </Data>
          <Data name="latitude">
            <value>44.801498</value>
          </Data>
        </ExtendedData>
        <Point>
          <coordinates>
            44.801498,41.693435,0
          </coordinates>
        </Point>
      </Placemark>
      <Placemark>
        <name>Tīra</name>
        <description><![CDATA[arabic: تیرہ<br>region: Rum<br>modern_country: Turkey<br>turkish: Tire<br>longtitude: 38.088165<br>latitude: 27.733971]]></description>
        <styleUrl>#icon-1899-817717</styleUrl>
        <ExtendedData>
          <Data name="arabic">
            <value>تیرہ</value>
          </Data>
          <Data name="region">
            <value>Rum</value>
          </Data>
          <Data name="modern_country">
            <value>Turkey</value>
          </Data>
          <Data name="turkish">
            <value>Tire</value>
          </Data>
          <Data name="longtitude">
            <value>38.088165</value>
          </Data>
          <Data name="latitude">
            <value>27.733971</value>
          </Data>
        </ExtendedData>
        <Point>
          <coordinates>
            27.733971,38.088165,0
          </coordinates>
        </Point>
      </Placemark>
      <Placemark>
        <name>Tūqāt</name>
        <description><![CDATA[arabic: توقات<br>region: Rum<br>modern_country: Turkey<br>turkish: Tokat<br>longtitude: 40.32648<br>latitude: 36.55403]]></description>
        <styleUrl>#icon-1899-817717</styleUrl>
        <ExtendedData>
          <Data name="arabic">
            <value>توقات</value>
          </Data>
          <Data name="region">
            <value>Rum</value>
          </Data>
          <Data name="modern_country">
            <value>Turkey</value>
          </Data>
          <Data name="turkish">
            <value>Tokat</value>
          </Data>
          <Data name="longtitude">
            <value>40.32648</value>
          </Data>
          <Data name="latitude">
            <value>36.55403</value>
          </Data>
        </ExtendedData>
        <Point>
          <coordinates>
            36.55403,40.32648,0
          </coordinates>
        </Point>
      </Placemark>
      <Placemark>
        <name>Turshīz</name>
        <description><![CDATA[arabic: ترشیز‎‎<br>region: Kuhistan<br>modern_country: Iran<br>turkish: Turşiz<br>longtitude: 35.160337<br>latitude: 57.755127]]></description>
        <styleUrl>#icon-1899-795548</styleUrl>
        <ExtendedData>
          <Data name="arabic">
            <value>ترشیز‎‎</value>
          </Data>
          <Data name="region">
            <value>Kuhistan</value>
          </Data>
          <Data name="modern_country">
            <value>Iran</value>
          </Data>
          <Data name="turkish">
            <value>Turşiz</value>
          </Data>
          <Data name="longtitude">
            <value>35.160337</value>
          </Data>
          <Data name="latitude">
            <value>57.755127</value>
          </Data>
        </ExtendedData>
        <Point>
          <coordinates>
            57.755127,35.160337,0
          </coordinates>
        </Point>
      </Placemark>
      <Placemark>
        <name>Ṭūs</name>
        <description><![CDATA[arabic: طوس<br>region: Khurasan<br>modern_country: Iran<br>turkish: Tus<br>longtitude: 36.483604<br>latitude: 59.518361]]></description>
        <styleUrl>#icon-1899-0F9D58</styleUrl>
        <ExtendedData>
          <Data name="arabic">
            <value>طوس</value>
          </Data>
          <Data name="region">
            <value>Khurasan</value>
          </Data>
          <Data name="modern_country">
            <value>Iran</value>
          </Data>
          <Data name="turkish">
            <value>Tus</value>
          </Data>
          <Data name="longtitude">
            <value>36.483604</value>
          </Data>
          <Data name="latitude">
            <value>59.518361</value>
          </Data>
        </ExtendedData>
        <Point>
          <coordinates>
            59.518361,36.483604,0
          </coordinates>
        </Point>
      </Placemark>
      <Placemark>
        <name>Tustar</name>
        <description><![CDATA[arabic: تستر<br>region: Khuzistan<br>modern_country: Iran<br>turkish: Tuster<br>longtitude: 32.05<br>latitude: 48.85]]></description>
        <styleUrl>#icon-1899-AFB42B</styleUrl>
        <ExtendedData>
          <Data name="arabic">
            <value>تستر</value>
          </Data>
          <Data name="region">
            <value>Khuzistan</value>
          </Data>
          <Data name="modern_country">
            <value>Iran</value>
          </Data>
          <Data name="turkish">
            <value>Tuster</value>
          </Data>
          <Data name="longtitude">
            <value>32.05</value>
          </Data>
          <Data name="latitude">
            <value>48.85</value>
          </Data>
        </ExtendedData>
        <Point>
          <coordinates>
            48.85,32.05,0
          </coordinates>
        </Point>
      </Placemark>
      <Placemark>
        <name>Ūrdūbād</name>
        <description><![CDATA[arabic: اوردوباد<br>region: Adharbayjan<br>modern_country: Azerbaijan<br>turkish: Ordubad<br>longtitude: 38.905461<br>latitude: 46.023188]]></description>
        <styleUrl>#icon-1899-C2185B</styleUrl>
        <ExtendedData>
          <Data name="arabic">
            <value>اوردوباد</value>
          </Data>
          <Data name="region">
            <value>Adharbayjan</value>
          </Data>
          <Data name="modern_country">
            <value>Azerbaijan</value>
          </Data>
          <Data name="turkish">
            <value>Ordubad</value>
          </Data>
          <Data name="longtitude">
            <value>38.905461</value>
          </Data>
          <Data name="latitude">
            <value>46.023188</value>
          </Data>
        </ExtendedData>
        <Point>
          <coordinates>
            46.023188,38.905461,0
          </coordinates>
        </Point>
      </Placemark>
      <Placemark>
        <name>Urmī / Urmīya</name>
        <description><![CDATA[arabic: ارمی / ارميّة<br>region: Adharbayjan<br>modern_country: Iran<br>turkish: Urmiye<br>longtitude: 37.549347<br>latitude: 45.068286]]></description>
        <styleUrl>#icon-1899-C2185B</styleUrl>
        <ExtendedData>
          <Data name="arabic">
            <value>ارمی / ارميّة</value>
          </Data>
          <Data name="region">
            <value>Adharbayjan</value>
          </Data>
          <Data name="modern_country">
            <value>Iran</value>
          </Data>
          <Data name="turkish">
            <value>Urmiye</value>
          </Data>
          <Data name="longtitude">
            <value>37.549347</value>
          </Data>
          <Data name="latitude">
            <value>45.068286</value>
          </Data>
        </ExtendedData>
        <Point>
          <coordinates>
            45.068286,37.549347,0
          </coordinates>
        </Point>
      </Placemark>
      <Placemark>
        <name>Ūshnī</name>
        <description><![CDATA[arabic: اوشنة<br>region: Adharbayjan<br>modern_country: Iran<br>turkish: Uşni<br>longtitude: 37.038791<br>latitude: 45.097038]]></description>
        <styleUrl>#icon-1899-C2185B</styleUrl>
        <ExtendedData>
          <Data name="arabic">
            <value>اوشنة</value>
          </Data>
          <Data name="region">
            <value>Adharbayjan</value>
          </Data>
          <Data name="modern_country">
            <value>Iran</value>
          </Data>
          <Data name="turkish">
            <value>Uşni</value>
          </Data>
          <Data name="longtitude">
            <value>37.038791</value>
          </Data>
          <Data name="latitude">
            <value>45.097038</value>
          </Data>
        </ExtendedData>
        <Point>
          <coordinates>
            45.097038,37.038791,0
          </coordinates>
        </Point>
      </Placemark>
      <Placemark>
        <name>Ustundār</name>
        <description><![CDATA[arabic: استندار<br>region: Mazandaran<br>modern_country: Iran<br>turkish: Ustundar<br>longtitude: 36.056284<br>latitude: 50.745249]]></description>
        <styleUrl>#icon-1899-A52714</styleUrl>
        <ExtendedData>
          <Data name="arabic">
            <value>استندار</value>
          </Data>
          <Data name="region">
            <value>Mazandaran</value>
          </Data>
          <Data name="modern_country">
            <value>Iran</value>
          </Data>
          <Data name="turkish">
            <value>Ustundar</value>
          </Data>
          <Data name="longtitude">
            <value>36.056284</value>
          </Data>
          <Data name="latitude">
            <value>50.745249</value>
          </Data>
        </ExtendedData>
        <Point>
          <coordinates>
            50.745249,36.056284,0
          </coordinates>
        </Point>
      </Placemark>
      <Placemark>
        <name>Walā</name>
        <description><![CDATA[arabic: ولا<br>region: Rum<br>modern_country: Turkey<br>turkish: Vele<br>longtitude: 39.523641<br>latitude: 42.851486]]></description>
        <styleUrl>#icon-1899-817717</styleUrl>
        <ExtendedData>
          <Data name="arabic">
            <value>ولا</value>
          </Data>
          <Data name="region">
            <value>Rum</value>
          </Data>
          <Data name="modern_country">
            <value>Turkey</value>
          </Data>
          <Data name="turkish">
            <value>Vele</value>
          </Data>
          <Data name="longtitude">
            <value>39.523641</value>
          </Data>
          <Data name="latitude">
            <value>42.851486</value>
          </Data>
        </ExtendedData>
        <Point>
          <coordinates>
            42.851486,39.523641,0
          </coordinates>
        </Point>
      </Placemark>
      <Placemark>
        <name>Walāshkird / Walāshjird</name>
        <description><![CDATA[arabic: ولاشکرد / ولاشجرد<br>region: Rum<br>modern_country: Turkey<br>turkish: Veleşcird (Eleşkird)<br>longtitude: 39.523641<br>latitude: 42.851486]]></description>
        <styleUrl>#icon-1899-817717</styleUrl>
        <ExtendedData>
          <Data name="arabic">
            <value>ولاشکرد / ولاشجرد</value>
          </Data>
          <Data name="region">
            <value>Rum</value>
          </Data>
          <Data name="modern_country">
            <value>Turkey</value>
          </Data>
          <Data name="turkish">
            <value>Veleşcird (Eleşkird)</value>
          </Data>
          <Data name="longtitude">
            <value>39.523641</value>
          </Data>
          <Data name="latitude">
            <value>42.851486</value>
          </Data>
        </ExtendedData>
        <Point>
          <coordinates>
            42.851486,39.523641,0
          </coordinates>
        </Point>
      </Placemark>
      <Placemark>
        <name>Wān</name>
        <description><![CDATA[arabic: وان<br>region: Arminiyah<br>modern_country: Turkey<br>turkish: Van<br>longtitude: 38.508385<br>latitude: 43.374217]]></description>
        <styleUrl>#icon-1899-9C27B0</styleUrl>
        <ExtendedData>
          <Data name="arabic">
            <value>وان</value>
          </Data>
          <Data name="region">
            <value>Arminiyah</value>
          </Data>
          <Data name="modern_country">
            <value>Turkey</value>
          </Data>
          <Data name="turkish">
            <value>Van</value>
          </Data>
          <Data name="longtitude">
            <value>38.508385</value>
          </Data>
          <Data name="latitude">
            <value>43.374217</value>
          </Data>
        </ExtendedData>
        <Point>
          <coordinates>
            43.374217,38.508385,0
          </coordinates>
        </Point>
      </Placemark>
      <Placemark>
        <name>Warāmīn</name>
        <description><![CDATA[arabic: ورامین<br>region: Jibal<br>modern_country: Iran<br>turkish: Varamin<br>longtitude: 35.329691<br>latitude: 51.642609]]></description>
        <styleUrl>#icon-1899-006064</styleUrl>
        <ExtendedData>
          <Data name="arabic">
            <value>ورامین</value>
          </Data>
          <Data name="region">
            <value>Jibal</value>
          </Data>
          <Data name="modern_country">
            <value>Iran</value>
          </Data>
          <Data name="turkish">
            <value>Varamin</value>
          </Data>
          <Data name="longtitude">
            <value>35.329691</value>
          </Data>
          <Data name="latitude">
            <value>51.642609</value>
          </Data>
        </ExtendedData>
        <Point>
          <coordinates>
            51.642609,35.329691,0
          </coordinates>
        </Point>
      </Placemark>
      <Placemark>
        <name>Warāwī</name>
        <description><![CDATA[arabic: وراوی<br>region: Adharbayjan<br>modern_country: Iran<br>turkish: Varavi<br>longtitude: 38.912407<br>latitude: 47.856445]]></description>
        <styleUrl>#icon-1899-C2185B</styleUrl>
        <ExtendedData>
          <Data name="arabic">
            <value>وراوی</value>
          </Data>
          <Data name="region">
            <value>Adharbayjan</value>
          </Data>
          <Data name="modern_country">
            <value>Iran</value>
          </Data>
          <Data name="turkish">
            <value>Varavi</value>
          </Data>
          <Data name="longtitude">
            <value>38.912407</value>
          </Data>
          <Data name="latitude">
            <value>47.856445</value>
          </Data>
        </ExtendedData>
        <Point>
          <coordinates>
            47.856445,38.912407,0
          </coordinates>
        </Point>
      </Placemark>
      <Placemark>
        <name>Wāsiṭ</name>
        <description><![CDATA[arabic: واسط<br>region: Iraq<br>modern_country: Iraq<br>turkish: Vasıt<br>longtitude: 32.602409<br>latitude: 45.752098]]></description>
        <styleUrl>#icon-1899-673AB7</styleUrl>
        <ExtendedData>
          <Data name="arabic">
            <value>واسط</value>
          </Data>
          <Data name="region">
            <value>Iraq</value>
          </Data>
          <Data name="modern_country">
            <value>Iraq</value>
          </Data>
          <Data name="turkish">
            <value>Vasıt</value>
          </Data>
          <Data name="longtitude">
            <value>32.602409</value>
          </Data>
          <Data name="latitude">
            <value>45.752098</value>
          </Data>
        </ExtendedData>
        <Point>
          <coordinates>
            45.752098,32.602409,0
          </coordinates>
        </Point>
      </Placemark>
      <Placemark>
        <name>Wāsṭān</name>
        <description><![CDATA[arabic: واسطان<br>region: Arminiyah<br>modern_country: Turkey<br>turkish: Vastan<br>longtitude: 38.294248<br>latitude: 43.113098]]></description>
        <styleUrl>#icon-1899-9C27B0</styleUrl>
        <ExtendedData>
          <Data name="arabic">
            <value>واسطان</value>
          </Data>
          <Data name="region">
            <value>Arminiyah</value>
          </Data>
          <Data name="modern_country">
            <value>Turkey</value>
          </Data>
          <Data name="turkish">
            <value>Vastan</value>
          </Data>
          <Data name="longtitude">
            <value>38.294248</value>
          </Data>
          <Data name="latitude">
            <value>43.113098</value>
          </Data>
        </ExtendedData>
        <Point>
          <coordinates>
            43.113098,38.294248,0
          </coordinates>
        </Point>
      </Placemark>
      <Placemark>
        <name>Yazd</name>
        <description><![CDATA[arabic: یزد<br>region: Fars<br>modern_country: Iran<br>turkish: Yezd<br>longtitude: 31.893619<br>latitude: 54.350215]]></description>
        <styleUrl>#icon-1899-FF5252</styleUrl>
        <ExtendedData>
          <Data name="arabic">
            <value>یزد</value>
          </Data>
          <Data name="region">
            <value>Fars</value>
          </Data>
          <Data name="modern_country">
            <value>Iran</value>
          </Data>
          <Data name="turkish">
            <value>Yezd</value>
          </Data>
          <Data name="longtitude">
            <value>31.893619</value>
          </Data>
          <Data name="latitude">
            <value>54.350215</value>
          </Data>
        </ExtendedData>
        <Point>
          <coordinates>
            54.350215,31.893619,0
          </coordinates>
        </Point>
      </Placemark>
      <Placemark>
        <name>Zanjān</name>
        <description><![CDATA[arabic: زنجان<br>region: Jibal<br>modern_country: Iran<br>turkish: Zincan<br>longtitude: 36.668254<br>latitude: 48.483528]]></description>
        <styleUrl>#icon-1899-006064</styleUrl>
        <ExtendedData>
          <Data name="arabic">
            <value>زنجان</value>
          </Data>
          <Data name="region">
            <value>Jibal</value>
          </Data>
          <Data name="modern_country">
            <value>Iran</value>
          </Data>
          <Data name="turkish">
            <value>Zincan</value>
          </Data>
          <Data name="longtitude">
            <value>36.668254</value>
          </Data>
          <Data name="latitude">
            <value>48.483528</value>
          </Data>
        </ExtendedData>
        <Point>
          <coordinates>
            48.483528,36.668254,0
          </coordinates>
        </Point>
      </Placemark>
      <Placemark>
        <name>Zawzan</name>
        <description><![CDATA[arabic: زوزن‎<br>region: Kuhistan<br>modern_country: Iran<br>turkish: Zavzan<br>longtitude: 34.456747<br>latitude: 59.867249]]></description>
        <styleUrl>#icon-1899-795548</styleUrl>
        <ExtendedData>
          <Data name="arabic">
            <value>زوزن‎</value>
          </Data>
          <Data name="region">
            <value>Kuhistan</value>
          </Data>
          <Data name="modern_country">
            <value>Iran</value>
          </Data>
          <Data name="turkish">
            <value>Zavzan</value>
          </Data>
          <Data name="longtitude">
            <value>34.456747</value>
          </Data>
          <Data name="latitude">
            <value>59.867249</value>
          </Data>
        </ExtendedData>
        <Point>
          <coordinates>
            59.867249,34.456747,0
          </coordinates>
        </Point>
      </Placemark>
      <Placemark>
        <name>Zaydān</name>
        <description><![CDATA[arabic: زیدان<br>region: Fars<br>modern_country: Iran<br>turkish: Zeydan<br>longtitude: 27.971807<br>latitude: 51.515993]]></description>
        <styleUrl>#icon-1899-FF5252</styleUrl>
        <ExtendedData>
          <Data name="arabic">
            <value>زیدان</value>
          </Data>
          <Data name="region">
            <value>Fars</value>
          </Data>
          <Data name="modern_country">
            <value>Iran</value>
          </Data>
          <Data name="turkish">
            <value>Zeydan</value>
          </Data>
          <Data name="longtitude">
            <value>27.971807</value>
          </Data>
          <Data name="latitude">
            <value>51.515993</value>
          </Data>
        </ExtendedData>
        <Point>
          <coordinates>
            51.515993,27.971807,0
          </coordinates>
        </Point>
      </Placemark>
      <Placemark>
        <name>Ziyārat</name>
        <description><![CDATA[arabic: زیارت‎<br>region: Jazirah<br>modern_country: Turkey<br>turkish: Ziyaret<br>longtitude: 38.333011<br>latitude: 40.561964]]></description>
        <styleUrl>#icon-1899-097138</styleUrl>
        <ExtendedData>
          <Data name="arabic">
            <value>زیارت‎</value>
          </Data>
          <Data name="region">
            <value>Jazirah</value>
          </Data>
          <Data name="modern_country">
            <value>Turkey</value>
          </Data>
          <Data name="turkish">
            <value>Ziyaret</value>
          </Data>
          <Data name="longtitude">
            <value>38.333011</value>
          </Data>
          <Data name="latitude">
            <value>40.561964</value>
          </Data>
        </ExtendedData>
        <Point>
          <coordinates>
            40.561964,38.333011,0
          </coordinates>
        </Point>
      </Placemark>
      <Placemark>
        <name>Shahrzūr</name>
        <description><![CDATA[arabic: شهرزور‎<br>region: Kurdistan<br>modern_country: Iran<br>turkish: Şehrizor<br>longtitude: 36.1233413<br>latitude: 45.2836511]]></description>
        <styleUrl>#icon-1899-3949AB</styleUrl>
        <ExtendedData>
          <Data name="arabic">
            <value>شهرزور‎</value>
          </Data>
          <Data name="region">
            <value>Kurdistan</value>
          </Data>
          <Data name="modern_country">
            <value>Iran</value>
          </Data>
          <Data name="turkish">
            <value>Şehrizor</value>
          </Data>
          <Data name="longtitude">
            <value>36.1233413</value>
          </Data>
          <Data name="latitude">
            <value>45.2836511</value>
          </Data>
        </ExtendedData>
        <Point>
          <coordinates>
            45.2836511,36.1233413,0
          </coordinates>
        </Point>
      </Placemark>
      <Placemark>
        <name>Jurjān</name>
        <description><![CDATA[arabic: جرجان<br>region: Jurjan<br>modern_country: Iran<br>turkish: Curcan<br>longtitude: 37.6654675<br>latitude: 54.8336832]]></description>
        <styleUrl>#icon-1899-880E4F</styleUrl>
        <ExtendedData>
          <Data name="arabic">
            <value>جرجان</value>
          </Data>
          <Data name="region">
            <value>Jurjan</value>
          </Data>
          <Data name="modern_country">
            <value>Iran</value>
          </Data>
          <Data name="turkish">
            <value>Curcan</value>
          </Data>
          <Data name="longtitude">
            <value>37.6654675</value>
          </Data>
          <Data name="latitude">
            <value>54.8336832</value>
          </Data>
        </ExtendedData>
        <Point>
          <coordinates>
            54.8336832,37.6654675,0
          </coordinates>
        </Point>
      </Placemark>
      <Placemark>
        <name>Arminiyah</name>
        <description><![CDATA[arabic: <br>region: <br>modern_country: <br>turkish: <br>longtitude: <br>latitude: ]]></description>
        <styleUrl>#poly-BDBDBD-1200-76</styleUrl>
        <ExtendedData>
          <Data name="arabic">
            <value/>
          </Data>
          <Data name="region">
            <value/>
          </Data>
          <Data name="modern_country">
            <value/>
          </Data>
          <Data name="turkish">
            <value/>
          </Data>
          <Data name="longtitude">
            <value/>
          </Data>
          <Data name="latitude">
            <value/>
          </Data>
        </ExtendedData>
        <Polygon>
          <outerBoundaryIs>
            <LinearRing>
              <tessellate>1</tessellate>
              <coordinates>
                46.0320376,40.0153078,0
                46.4275454,41.8125722,0
                43.2524966,40.6726164,0
                43.8127993,40.263073,0
                43.0107973,39.190008,0
                41.8242739,38.917,0
                41.725397,38.4539092,0
                42.999811,37.7884048,0
                46.0320376,40.0153078,0
              </coordinates>
            </LinearRing>
          </outerBoundaryIs>
        </Polygon>
      </Placemark>
      <Placemark>
        <name>Adharbayjan</name>
        <description><![CDATA[arabic: <br>region: <br>modern_country: <br>turkish: <br>longtitude: <br>latitude: ]]></description>
        <styleUrl>#poly-BDBDBD-1200-76</styleUrl>
        <ExtendedData>
          <Data name="arabic">
            <value/>
          </Data>
          <Data name="region">
            <value/>
          </Data>
          <Data name="modern_country">
            <value/>
          </Data>
          <Data name="turkish">
            <value/>
          </Data>
          <Data name="longtitude">
            <value/>
          </Data>
          <Data name="latitude">
            <value/>
          </Data>
        </ExtendedData>
        <Polygon>
          <outerBoundaryIs>
            <LinearRing>
              <tessellate>1</tessellate>
              <coordinates>
                42.999811,37.7884048,0
                43.7585505,37.3783466,0
                44.0167292,37.3434176,0
                45.4888971,36.5267475,0
                47.7410944,37.9089962,0
                47.7630671,38.1469819,0
                48.328863,37.8829874,0
                48.6090143,39.1380537,0
                47.7795466,39.3932282,0
                47.5653132,39.6220903,0
                46.0320376,40.0153078,0
                42.999811,37.7884048,0
              </coordinates>
            </LinearRing>
          </outerBoundaryIs>
        </Polygon>
      </Placemark>
      <Placemark>
        <name>Gilan</name>
        <description><![CDATA[arabic: <br>region: <br>modern_country: <br>turkish: <br>longtitude: <br>latitude: ]]></description>
        <styleUrl>#poly-BDBDBD-1200-76</styleUrl>
        <ExtendedData>
          <Data name="arabic">
            <value/>
          </Data>
          <Data name="region">
            <value/>
          </Data>
          <Data name="modern_country">
            <value/>
          </Data>
          <Data name="turkish">
            <value/>
          </Data>
          <Data name="longtitude">
            <value/>
          </Data>
          <Data name="latitude">
            <value/>
          </Data>
        </ExtendedData>
        <Polygon>
          <outerBoundaryIs>
            <LinearRing>
              <tessellate>1</tessellate>
              <coordinates>
                48.328863,37.8829874,0
                49.0898745,36.538956,0
                50.2818911,37.1806353,0
                50.1885073,37.3904193,0
                49.9193422,37.4602173,0
                49.4249575,37.4994501,0
                49.0514223,37.690958,0
                48.9086,38.120046,0
                48.9250796,39.0304582,0
                48.6090143,39.1380537,0
                48.328863,37.8829874,0
              </coordinates>
            </LinearRing>
          </outerBoundaryIs>
        </Polygon>
      </Placemark>
      <Placemark>
        <name>Arran</name>
        <description><![CDATA[arabic: <br>region: <br>modern_country: <br>turkish: <br>longtitude: <br>latitude: ]]></description>
        <styleUrl>#poly-BDBDBD-1200-76</styleUrl>
        <ExtendedData>
          <Data name="arabic">
            <value/>
          </Data>
          <Data name="region">
            <value/>
          </Data>
          <Data name="modern_country">
            <value/>
          </Data>
          <Data name="turkish">
            <value/>
          </Data>
          <Data name="longtitude">
            <value/>
          </Data>
          <Data name="latitude">
            <value/>
          </Data>
        </ExtendedData>
        <Polygon>
          <outerBoundaryIs>
            <LinearRing>
              <tessellate>1</tessellate>
              <coordinates>
                46.3010068,41.1528488,0
                46.0320376,40.0153078,0
                47.5653132,39.6220903,0
                47.8006406,39.6512108,0
                48.2400937,39.8454905,0
                48.3993955,40.2827096,0
                48.0423398,40.6004396,0
                47.5699277,40.7629018,0
                47.212872,40.8335947,0
                46.3010068,41.1528488,0
              </coordinates>
            </LinearRing>
          </outerBoundaryIs>
        </Polygon>
      </Placemark>
      <Placemark>
        <name>Mukan</name>
        <description><![CDATA[arabic: <br>region: <br>modern_country: <br>turkish: <br>longtitude: <br>latitude: ]]></description>
        <styleUrl>#poly-BDBDBD-1200-76</styleUrl>
        <ExtendedData>
          <Data name="arabic">
            <value/>
          </Data>
          <Data name="region">
            <value/>
          </Data>
          <Data name="modern_country">
            <value/>
          </Data>
          <Data name="turkish">
            <value/>
          </Data>
          <Data name="longtitude">
            <value/>
          </Data>
          <Data name="latitude">
            <value/>
          </Data>
        </ExtendedData>
        <Polygon>
          <outerBoundaryIs>
            <LinearRing>
              <tessellate>1</tessellate>
              <coordinates>
                49.4376035,39.9235489,0
                48.3993955,40.2827096,0
                48.2400937,39.8454905,0
                47.8006406,39.6512108,0
                47.5653132,39.6220903,0
                47.7795466,39.3932282,0
                48.9250796,39.0304582,0
                49.0970273,39.0971502,0
                49.2398496,39.3524733,0
                49.3991513,39.3057336,0
                49.3661923,39.4373745,0
                49.2837949,39.5264095,0
                49.3991513,39.7041375,0
                49.4376035,39.9235489,0
              </coordinates>
            </LinearRing>
          </outerBoundaryIs>
        </Polygon>
      </Placemark>
      <Placemark>
        <name>Shirwan</name>
        <description><![CDATA[arabic: <br>region: <br>modern_country: <br>turkish: <br>longtitude: <br>latitude: ]]></description>
        <styleUrl>#poly-BDBDBD-1200-76</styleUrl>
        <ExtendedData>
          <Data name="arabic">
            <value/>
          </Data>
          <Data name="region">
            <value/>
          </Data>
          <Data name="modern_country">
            <value/>
          </Data>
          <Data name="turkish">
            <value/>
          </Data>
          <Data name="longtitude">
            <value/>
          </Data>
          <Data name="latitude">
            <value/>
          </Data>
        </ExtendedData>
        <Polygon>
          <outerBoundaryIs>
            <LinearRing>
              <tessellate>1</tessellate>
              <coordinates>
                50.3659482,40.310021,0
                50.1736875,40.4982557,0
                49.789166,40.5817465,0
                49.4156308,40.9395705,0
                49.0366025,41.3903209,0
                48.4213681,41.932028,0
                48.2016416,42.0912053,0
                46.4275454,41.8125722,0
                46.3010068,41.1528488,0
                47.212872,40.8335947,0
                47.5699277,40.7629018,0
                48.0423398,40.6004396,0
                48.3993955,40.2827096,0
                49.4376035,39.9235489,0
                49.4650693,40.1380602,0
                49.6023984,40.2429663,0
                49.822125,40.3309619,0
                50.0363584,40.3518964,0
                50.3659482,40.310021,0
              </coordinates>
            </LinearRing>
          </outerBoundaryIs>
        </Polygon>
      </Placemark>
      <Placemark>
        <name>Gurjistan</name>
        <description><![CDATA[arabic: <br>region: <br>modern_country: <br>turkish: <br>longtitude: <br>latitude: ]]></description>
        <styleUrl>#poly-BDBDBD-1200-76</styleUrl>
        <ExtendedData>
          <Data name="arabic">
            <value/>
          </Data>
          <Data name="region">
            <value/>
          </Data>
          <Data name="modern_country">
            <value/>
          </Data>
          <Data name="turkish">
            <value/>
          </Data>
          <Data name="longtitude">
            <value/>
          </Data>
          <Data name="latitude">
            <value/>
          </Data>
        </ExtendedData>
        <Polygon>
          <outerBoundaryIs>
            <LinearRing>
              <tessellate>1</tessellate>
              <coordinates>
                43.2524966,40.6726164,0
                46.5573316,41.8256886,0
                45.5905347,42.2011715,0
                45.6784253,42.5015809,0
                44.6347242,42.7360327,0
                44.0304761,42.5663454,0
                43.7118726,42.5906148,0
                43.8546949,42.695673,0
                42.6571851,43.1542175,0
                40.4818921,43.1301687,0
                41.4596753,42.7279629,0
                41.5915113,42.2743762,0
                41.7672925,41.8338749,0
                41.4706617,41.5138362,0
                42.7231031,41.4068032,0
                43.2524966,40.6726164,0
              </coordinates>
            </LinearRing>
          </outerBoundaryIs>
        </Polygon>
      </Placemark>
      <Placemark>
        <name>Jazirah</name>
        <description><![CDATA[arabic: <br>region: <br>modern_country: <br>turkish: <br>longtitude: <br>latitude: ]]></description>
        <styleUrl>#poly-BDBDBD-1200-76</styleUrl>
        <ExtendedData>
          <Data name="arabic">
            <value/>
          </Data>
          <Data name="region">
            <value/>
          </Data>
          <Data name="modern_country">
            <value/>
          </Data>
          <Data name="turkish">
            <value/>
          </Data>
          <Data name="longtitude">
            <value/>
          </Data>
          <Data name="latitude">
            <value/>
          </Data>
        </ExtendedData>
        <Polygon>
          <outerBoundaryIs>
            <LinearRing>
              <tessellate>1</tessellate>
              <coordinates>
                37.9692693,38.9031906,0
                38.3099717,37.0202021,0
                40.9027451,34.6152338,0
                45.4888971,36.5267475,0
                44.3744248,37.1385283,0
                42.999811,37.7884048,0
                41.725397,38.4539092,0
                41.8242739,38.917,0
                41.4244695,38.9800957,0
                37.9692693,38.9031906,0
              </coordinates>
            </LinearRing>
          </outerBoundaryIs>
        </Polygon>
      </Placemark>
      <Placemark>
        <name>Kurdistan</name>
        <description><![CDATA[arabic: <br>region: <br>modern_country: <br>turkish: <br>longtitude: <br>latitude: ]]></description>
        <styleUrl>#poly-BDBDBD-1200-76</styleUrl>
        <ExtendedData>
          <Data name="arabic">
            <value/>
          </Data>
          <Data name="region">
            <value/>
          </Data>
          <Data name="modern_country">
            <value/>
          </Data>
          <Data name="turkish">
            <value/>
          </Data>
          <Data name="longtitude">
            <value/>
          </Data>
          <Data name="latitude">
            <value/>
          </Data>
        </ExtendedData>
        <Polygon>
          <outerBoundaryIs>
            <LinearRing>
              <tessellate>1</tessellate>
              <coordinates>
                44.8001167,36.2322333,0
                45.4043647,33.8853859,0
                47.5357124,33.7301991,0
                47.4588081,35.1166849,0
                48.1070014,35.0897206,0
                48.1839057,35.3500017,0
                46.0086128,36.8500986,0
                44.8001167,36.2322333,0
              </coordinates>
            </LinearRing>
          </outerBoundaryIs>
        </Polygon>
      </Placemark>
      <Placemark>
        <name>Jibal</name>
        <description><![CDATA[arabic: <br>region: <br>modern_country: <br>turkish: <br>longtitude: <br>latitude: ]]></description>
        <styleUrl>#poly-BDBDBD-1200-76</styleUrl>
        <ExtendedData>
          <Data name="arabic">
            <value/>
          </Data>
          <Data name="region">
            <value/>
          </Data>
          <Data name="modern_country">
            <value/>
          </Data>
          <Data name="turkish">
            <value/>
          </Data>
          <Data name="longtitude">
            <value/>
          </Data>
          <Data name="latitude">
            <value/>
          </Data>
        </ExtendedData>
        <Polygon>
          <outerBoundaryIs>
            <LinearRing>
              <tessellate>1</tessellate>
              <coordinates>
                45.4043647,33.8853859,0
                45.7229682,33.2629546,0
                51.0842964,31.9767804,0
                52.0071479,31.9301721,0
                53.0178901,32.7562477,0
                51.4798042,34.5033089,0
                51.3369819,34.7835024,0
                51.5017768,35.0357652,0
                51.7654487,35.1616056,0
                52.0950385,35.179567,0
                52.0620796,35.9481394,0
                51.6555854,36.0014852,0
                51.2161323,35.9570329,0
                50.9085151,35.8680532,0
                49.6890327,36.8852559,0
                49.0898745,36.538956,0
                48.328863,37.8829874,0
                47.7630671,38.1469819,0
                47.7410944,37.9089962,0
                46.0086128,36.8500986,0
                48.1839057,35.3500017,0
                48.1070014,35.0897206,0
                47.4588081,35.1166849,0
                47.5357124,33.7301991,0
                45.4043647,33.8853859,0
              </coordinates>
            </LinearRing>
          </outerBoundaryIs>
        </Polygon>
      </Placemark>
      <Placemark>
        <name>Mazandaran</name>
        <description><![CDATA[arabic: <br>region: <br>modern_country: <br>turkish: <br>longtitude: <br>latitude: ]]></description>
        <styleUrl>#poly-BDBDBD-1200-76</styleUrl>
        <ExtendedData>
          <Data name="arabic">
            <value/>
          </Data>
          <Data name="region">
            <value/>
          </Data>
          <Data name="modern_country">
            <value/>
          </Data>
          <Data name="turkish">
            <value/>
          </Data>
          <Data name="longtitude">
            <value/>
          </Data>
          <Data name="latitude">
            <value/>
          </Data>
        </ExtendedData>
        <Polygon>
          <outerBoundaryIs>
            <LinearRing>
              <tessellate>1</tessellate>
              <coordinates>
                53.9995182,36.7885345,0
                53.8017643,36.8149252,0
                53.5600651,36.82372,0
                53.3623112,36.9116132,0
                53.0766666,36.8413068,0
                52.7251041,36.7797356,0
                52.2307194,36.6828808,0
                51.8571842,36.6299994,0
                51.6594303,36.6299994,0
                51.4177311,36.6828808,0
                51.1540592,36.7357258,0
                50.7255924,36.8940427,0
                50.2818911,37.1806353,0
                49.6890327,36.8852559,0
                50.9085151,35.8680532,0
                51.1320866,35.9481394,0
                51.3627995,35.9837073,0
                51.6555854,36.0014852,0
                52.0620796,35.9481394,0
                52.0988834,35.6451665,0
                52.7580631,35.6808704,0
                54.2082584,36.4357906,0
                53.9995182,36.7885345,0
              </coordinates>
            </LinearRing>
          </outerBoundaryIs>
        </Polygon>
      </Placemark>
      <Placemark>
        <name>Kumis</name>
        <description><![CDATA[arabic: <br>region: <br>modern_country: <br>turkish: <br>longtitude: <br>latitude: ]]></description>
        <styleUrl>#poly-BDBDBD-1200-76</styleUrl>
        <ExtendedData>
          <Data name="arabic">
            <value/>
          </Data>
          <Data name="region">
            <value/>
          </Data>
          <Data name="modern_country">
            <value/>
          </Data>
          <Data name="turkish">
            <value/>
          </Data>
          <Data name="longtitude">
            <value/>
          </Data>
          <Data name="latitude">
            <value/>
          </Data>
        </ExtendedData>
        <Polygon>
          <outerBoundaryIs>
            <LinearRing>
              <tessellate>1</tessellate>
              <coordinates>
                52.0950385,35.179567,0
                52.2801579,35.1813644,0
                52.620734,34.9205428,0
                54.3730534,35.936578,0
                54.6257389,36.0165948,0
                54.9553288,35.9988203,0
                55.2739323,35.936578,0
                55.0157536,36.4331405,0
                54.2082584,36.4357906,0
                52.7580631,35.6808704,0
                52.0988834,35.6451665,0
                52.0950385,35.179567,0
              </coordinates>
            </LinearRing>
          </outerBoundaryIs>
        </Polygon>
      </Placemark>
      <Placemark>
        <name>Jurjan</name>
        <description><![CDATA[arabic: <br>region: <br>modern_country: <br>turkish: <br>longtitude: <br>latitude: ]]></description>
        <styleUrl>#poly-BDBDBD-1200-76</styleUrl>
        <ExtendedData>
          <Data name="arabic">
            <value/>
          </Data>
          <Data name="region">
            <value/>
          </Data>
          <Data name="modern_country">
            <value/>
          </Data>
          <Data name="turkish">
            <value/>
          </Data>
          <Data name="longtitude">
            <value/>
          </Data>
          <Data name="latitude">
            <value/>
          </Data>
        </ExtendedData>
        <Polygon>
          <outerBoundaryIs>
            <LinearRing>
              <tessellate>1</tessellate>
              <coordinates>
                55.0157536,36.4331405,0
                57.4217594,38.2756335,0
                56.7186344,38.4134976,0
                53.9281071,38.8083934,0
                53.8182438,37.9211604,0
                53.9720524,37.2333151,0
                54.0709293,36.8826212,0
                53.9995182,36.7885345,0
                54.2082584,36.4357906,0
                55.0157536,36.4331405,0
              </coordinates>
            </LinearRing>
          </outerBoundaryIs>
        </Polygon>
      </Placemark>
      <Placemark>
        <name>Khurasan</name>
        <description><![CDATA[arabic: <br>region: <br>modern_country: <br>turkish: <br>longtitude: <br>latitude: ]]></description>
        <styleUrl>#poly-BDBDBD-1200-76</styleUrl>
        <ExtendedData>
          <Data name="arabic">
            <value/>
          </Data>
          <Data name="region">
            <value/>
          </Data>
          <Data name="modern_country">
            <value/>
          </Data>
          <Data name="turkish">
            <value/>
          </Data>
          <Data name="longtitude">
            <value/>
          </Data>
          <Data name="latitude">
            <value/>
          </Data>
        </ExtendedData>
        <Polygon>
          <outerBoundaryIs>
            <LinearRing>
              <tessellate>1</tessellate>
              <coordinates>
                55.2739323,35.936578,0
                60.9965398,35.0185336,0
                60.4362371,34.1502349,0
                60.8866765,31.4448412,0
                63.6552312,31.4073421,0
                68.6430242,33.8040358,0
                68.3793523,37.8811482,0
                60.1396062,38.7603022,0
                57.8983953,38.5715832,0
                57.4217594,38.2756335,0
                54.998362,36.484678,0
                55.2739323,35.936578,0
              </coordinates>
            </LinearRing>
          </outerBoundaryIs>
        </Polygon>
      </Placemark>
      <Placemark>
        <name>Fars</name>
        <description><![CDATA[arabic: <br>region: <br>modern_country: <br>turkish: <br>longtitude: <br>latitude: ]]></description>
        <styleUrl>#poly-BDBDBD-1200-76</styleUrl>
        <ExtendedData>
          <Data name="arabic">
            <value/>
          </Data>
          <Data name="region">
            <value/>
          </Data>
          <Data name="modern_country">
            <value/>
          </Data>
          <Data name="turkish">
            <value/>
          </Data>
          <Data name="longtitude">
            <value/>
          </Data>
          <Data name="latitude">
            <value/>
          </Data>
        </ExtendedData>
        <Polygon>
          <outerBoundaryIs>
            <LinearRing>
              <tessellate>1</tessellate>
              <coordinates>
                53.0178901,32.7562477,0
                52.0071479,31.9301721,0
                50.8781316,31.4073421,0
                50.4167058,31.3416826,0
                50.0102117,31.0785864,0
                49.2521551,30.2374848,0
                49.5158269,30.0855022,0
                49.8893621,30.1995111,0
                50.087116,30.0569794,0
                50.4057195,29.6377031,0
                50.6034734,29.1207426,0
                50.9001043,28.7939073,0
                51.0319402,28.1662205,0
                51.4384344,27.8266978,0
                52.0207098,27.7294953,0
                52.4491765,27.2714846,0
                53.4159734,26.6349472,0
                53.9872625,26.4482061,0
                54.6574285,26.4482061,0
                55.1518133,26.6644048,0
                55.8329656,29.0535373,0
                55.2726629,29.1495314,0
                55.1847723,29.714066,0
                55.9648015,30.1330219,0
                55.1298406,31.9216367,0
                54.6903875,31.9682493,0
                53.0178901,32.7562477,0
              </coordinates>
            </LinearRing>
          </outerBoundaryIs>
        </Polygon>
      </Placemark>
      <Placemark>
        <name>Kirman</name>
        <description><![CDATA[arabic: <br>region: <br>modern_country: <br>turkish: <br>longtitude: <br>latitude: ]]></description>
        <styleUrl>#poly-BDBDBD-1200-76</styleUrl>
        <ExtendedData>
          <Data name="arabic">
            <value/>
          </Data>
          <Data name="region">
            <value/>
          </Data>
          <Data name="modern_country">
            <value/>
          </Data>
          <Data name="turkish">
            <value/>
          </Data>
          <Data name="longtitude">
            <value/>
          </Data>
          <Data name="latitude">
            <value/>
          </Data>
        </ExtendedData>
        <Polygon>
          <outerBoundaryIs>
            <LinearRing>
              <tessellate>1</tessellate>
              <coordinates>
                55.1298406,31.9216367,0
                55.9648015,30.1330219,0
                55.1847723,29.714066,0
                55.2726629,29.1495314,0
                55.8329656,29.0535373,0
                55.1518133,26.6644048,0
                55.3605535,26.7036698,0
                55.810993,26.9291804,0
                56.221848,27.17708,0
                56.6129949,27.1444652,0
                56.8546941,27.0466597,0
                56.9975164,26.7429212,0
                58.0522039,27.6614019,0
                58.4147527,28.9766777,0
                58.1730535,29.9808784,0
                57.5248601,31.0126982,0
                56.7668035,31.4729557,0
                55.1298406,31.9216367,0
              </coordinates>
            </LinearRing>
          </outerBoundaryIs>
        </Polygon>
      </Placemark>
      <Placemark>
        <name>Khuzistan</name>
        <description><![CDATA[arabic: <br>region: <br>modern_country: <br>turkish: <br>longtitude: <br>latitude: ]]></description>
        <styleUrl>#poly-BDBDBD-1200-76</styleUrl>
        <ExtendedData>
          <Data name="arabic">
            <value/>
          </Data>
          <Data name="region">
            <value/>
          </Data>
          <Data name="modern_country">
            <value/>
          </Data>
          <Data name="turkish">
            <value/>
          </Data>
          <Data name="longtitude">
            <value/>
          </Data>
          <Data name="latitude">
            <value/>
          </Data>
        </ExtendedData>
        <Polygon>
          <outerBoundaryIs>
            <LinearRing>
              <tessellate>1</tessellate>
              <coordinates>
                48.614948,29.9713616,0
                49.2521551,30.2374848,0
                50.0102117,31.0785864,0
                50.4167058,31.3416826,0
                50.8781316,31.4073421,0
                52.0071479,31.9301721,0
                51.0842964,31.9767804,0
                47.4503973,32.8770582,0
                48.614948,29.9713616,0
              </coordinates>
            </LinearRing>
          </outerBoundaryIs>
        </Polygon>
      </Placemark>
      <Placemark>
        <name>Iraq</name>
        <description><![CDATA[arabic: <br>region: <br>modern_country: <br>turkish: <br>longtitude: <br>latitude: ]]></description>
        <styleUrl>#poly-BDBDBD-1200-76</styleUrl>
        <ExtendedData>
          <Data name="arabic">
            <value/>
          </Data>
          <Data name="region">
            <value/>
          </Data>
          <Data name="modern_country">
            <value/>
          </Data>
          <Data name="turkish">
            <value/>
          </Data>
          <Data name="longtitude">
            <value/>
          </Data>
          <Data name="latitude">
            <value/>
          </Data>
        </ExtendedData>
        <Polygon>
          <outerBoundaryIs>
            <LinearRing>
              <tessellate>1</tessellate>
              <coordinates>
                48.614948,29.9713616,0
                47.4503973,32.8770582,0
                45.7229682,33.2629546,0
                44.8001167,36.2322333,0
                40.9027451,34.6152338,0
                47.9612615,29.3412504,0
                48.614948,29.9713616,0
              </coordinates>
            </LinearRing>
          </outerBoundaryIs>
        </Polygon>
      </Placemark>
      <Placemark>
        <name>Syria</name>
        <description><![CDATA[arabic: <br>region: <br>modern_country: <br>turkish: <br>longtitude: <br>latitude: ]]></description>
        <styleUrl>#poly-BDBDBD-1200-76</styleUrl>
        <ExtendedData>
          <Data name="arabic">
            <value/>
          </Data>
          <Data name="region">
            <value/>
          </Data>
          <Data name="modern_country">
            <value/>
          </Data>
          <Data name="turkish">
            <value/>
          </Data>
          <Data name="longtitude">
            <value/>
          </Data>
          <Data name="latitude">
            <value/>
          </Data>
        </ExtendedData>
        <Polygon>
          <outerBoundaryIs>
            <LinearRing>
              <tessellate>1</tessellate>
              <coordinates>
                38.3099717,37.0202021,0
                35.8488348,35.7619,0
                35.9147527,34.7210799,0
                35.4643133,33.7492441,0
                35.1566961,33.1074259,0
                36.4420965,32.5164868,0
                36.9254949,32.3959732,0
                41.045368,34.5221805,0
                38.3099717,37.0202021,0
              </coordinates>
            </LinearRing>
          </outerBoundaryIs>
        </Polygon>
      </Placemark>
      <Placemark>
        <name>Rum</name>
        <description><![CDATA[arabic: <br>region: <br>modern_country: <br>turkish: <br>longtitude: <br>latitude: ]]></description>
        <styleUrl>#poly-BDBDBD-1200-76</styleUrl>
        <ExtendedData>
          <Data name="arabic">
            <value/>
          </Data>
          <Data name="region">
            <value/>
          </Data>
          <Data name="modern_country">
            <value/>
          </Data>
          <Data name="turkish">
            <value/>
          </Data>
          <Data name="longtitude">
            <value/>
          </Data>
          <Data name="latitude">
            <value/>
          </Data>
        </ExtendedData>
        <Polygon>
          <outerBoundaryIs>
            <LinearRing>
              <tessellate>1</tessellate>
              <coordinates>
                35.8488348,35.7619,0
                38.3099717,37.0202021,0
                37.9032781,38.8773238,0
                41.4244695,38.9800957,0
                41.8242739,38.917,0
                43.0107973,39.190008,0
                43.8127993,40.263073,0
                43.2524966,40.6726164,0
                42.7231031,41.4068032,0
                41.4706617,41.5138362,0
                40.6718328,41.074357,0
                38.4855535,40.9085058,0
                37.1232488,41.2728274,0
                35.2775457,41.7663704,0
                35.1347234,42.3292867,0
                34.7392156,41.9709018,0
                33.3988836,42.0443729,0
                32.0036199,41.5200694,0
                30.0480535,40.7588832,0
                27.0927312,40.22416,0
                26.8070867,38.9115266,0
                27.1696355,37.4347136,0
                28.224323,36.8918961,0
                29.7514226,36.1946117,0
                30.6962469,36.8303656,0
                32.9154851,36.0348586,0
                34.651325,36.7951831,0
                35.4093816,36.6013904,0
                36.2003973,36.9006821,0
                35.8488348,35.7619,0
              </coordinates>
            </LinearRing>
          </outerBoundaryIs>
        </Polygon>
      </Placemark>
      <Placemark>
        <name>Kuhistan</name>
        <description><![CDATA[arabic: <br>region: <br>modern_country: <br>turkish: <br>longtitude: <br>latitude: ]]></description>
        <styleUrl>#poly-BDBDBD-1200-76</styleUrl>
        <ExtendedData>
          <Data name="arabic">
            <value/>
          </Data>
          <Data name="region">
            <value/>
          </Data>
          <Data name="modern_country">
            <value/>
          </Data>
          <Data name="turkish">
            <value/>
          </Data>
          <Data name="longtitude">
            <value/>
          </Data>
          <Data name="latitude">
            <value/>
          </Data>
        </ExtendedData>
        <Polygon>
          <outerBoundaryIs>
            <LinearRing>
              <tessellate>1</tessellate>
              <coordinates>
                57.0001489,35.6651947,0
                57.2198754,34.4239927,0
                56.835354,33.5311828,0
                60.8866765,31.4448412,0
                60.4362371,34.1502349,0
                60.9965398,35.0185336,0
                57.0001489,35.6651947,0
              </coordinates>
            </LinearRing>
          </outerBoundaryIs>
        </Polygon>
      </Placemark>
    </Folder>
  </Document>
</kml>
